num_row,num_colum,num_track,max_delay,num_ipin_side1,num_ipin_side2,num_ipin_side3,num_otrack_side1,num_otrack_side2,num_otrack_side3,num_otrack_side4,num_itrack_side1,num_itrack_side2,num_itrack_side3,num_itrack_side4,area,throughput,ii,failtureRate
4,6,4,7,1,0,1,0,4,2,3,4,1,0,3,895543.2399999999,0.868195,140.0,0.0
7,4,3,4,1,0,1,0,1,3,2,1,0,3,3,990061.42,1.19375,100.0,0.0
4,5,1,7,2,1,2,3,3,2,3,4,2,0,0,601837.46,0.81378,150.0,0.0
7,5,3,6,2,0,1,0,4,3,1,1,1,2,2,1212385.25,1.34578,95.0,0.0
4,4,1,7,1,2,2,4,3,0,0,4,0,1,3,526310.84,0.772627,158.0,0.0
6,6,2,7,2,1,1,1,1,4,2,1,2,3,4,1178373.8199999994,1.34979,95.0,0.0
7,7,2,5,0,0,2,1,0,1,0,2,1,3,0,1317308.3899999992,1.27425,91.0,0.0
4,4,2,7,1,0,0,4,0,1,0,0,4,2,0,533141.6,0.688816,146.0,0.111111
7,4,4,7,1,0,2,0,4,2,1,4,4,0,0,1141673.94,1.22345,100.0,0.0
5,4,4,5,0,1,0,4,4,3,3,4,0,4,0,819314.4099999999,0.984306,125.0,0.0
6,4,3,2,1,1,0,3,2,4,1,2,1,1,0,793712.5799999998,1.21705,121.0,0.0
7,5,1,2,0,1,2,0,3,3,2,4,4,0,3,892642.27,1.1632,116.0,0.0
6,6,4,2,0,0,2,2,1,1,3,4,2,0,2,1162994.4399999997,0.965361,134.0,0.0
7,6,1,4,2,2,2,0,4,2,4,0,2,0,3,1107755.3599999994,1.4676,92.0,0.0
7,7,1,5,0,1,0,0,0,0,1,4,4,4,2,1186582.1099999994,1.05858,100.0,0.0
5,7,4,3,2,2,1,1,0,3,0,4,0,0,4,1106886.73,0.932383,129.0,0.0
4,7,1,4,0,0,2,4,0,1,1,3,3,2,0,675967.0999999997,0.785261,147.0,0.0
6,6,4,5,0,0,1,1,0,0,1,3,1,2,4,1200958.8199999994,1.11851,95.0,0.0
6,5,1,2,2,2,1,4,1,2,4,4,0,0,3,777231.3400000001,0.911319,135.0,0.0
4,5,2,3,0,0,2,0,4,0,4,4,0,0,4,578044.46,0.738471,159.0,0.0
5,5,4,2,1,2,0,0,4,3,1,2,0,3,4,874376.01,1.04977,131.0,0.0
5,4,1,4,2,2,1,3,1,1,0,2,2,4,2,624019.38,1.12762,125.0,0.0
7,7,1,6,0,1,2,0,2,1,2,1,1,4,2,1299419.0299999993,1.50341,90.0,0.0
6,4,1,3,1,1,1,0,1,3,1,0,2,1,2,686219.04,1.20393,109.0,0.0
4,4,2,6,1,2,1,0,4,3,4,2,0,2,0,562725.04,0.839275,156.0,0.0
5,4,3,7,0,2,1,0,4,3,4,2,0,1,4,781573.98,1.05815,125.0,0.0
5,7,1,6,0,2,0,0,1,0,3,4,4,2,4,910914.7299999995,1.13719,110.0,0.0
4,6,4,3,2,0,0,3,2,0,1,2,0,3,1,752574.46,0.808391,149.0,0.0
4,7,4,3,1,1,1,4,3,4,4,3,1,1,0,927597.9799999997,0.911783,147.0,0.0
6,6,4,3,1,0,1,1,1,0,2,1,3,2,0,1090407.6699999997,1.18042,107.0,0.0
5,4,2,6,0,2,1,0,2,1,4,1,1,1,2,698765.18,1.08765,125.0,0.0
5,4,1,6,2,2,1,4,3,2,0,0,4,4,2,645543.26,1.13045,124.0,0.0
5,7,4,6,2,0,1,0,3,3,4,4,0,1,1,1204564.3299999998,1.16634,110.0,0.0
7,5,4,7,0,2,2,2,1,3,1,2,1,0,2,1275479.17,1.33,95.0,0.0
7,4,1,2,2,2,0,0,1,2,4,3,0,3,3,795271.7,1.1739,117.0,0.0
7,6,2,7,0,1,0,2,1,1,2,3,1,0,0,1230248.1799999992,1.36485,90.0,0.0
6,7,3,3,1,2,1,2,0,4,0,1,0,2,0,1163438.7200000004,1.30497,102.0,0.0
7,5,3,7,0,0,0,0,2,3,2,3,2,3,0,1230239.13,1.24946,95.0,0.0
4,6,4,2,1,2,1,2,2,1,4,2,4,2,1,821192.4800000002,0.806467,181.0,0.0
5,6,2,7,1,0,1,2,4,1,2,1,2,0,0,898064.4399999996,1.04002,115.0,0.0
4,5,1,6,2,0,1,3,4,2,3,3,0,1,3,585846.1000000001,0.815612,149.0,0.0
7,6,2,4,2,2,1,2,4,2,2,3,4,1,4,1322124.7999999998,1.65925,90.0,0.0
4,4,3,4,1,0,2,3,0,4,2,3,2,3,0,602090.0399999999,0.826853,158.0,0.0
4,4,1,7,2,2,1,2,0,2,0,3,3,4,4,531550.88,0.84189,154.0,0.0
5,5,3,7,1,2,1,1,1,4,2,2,2,1,3,927011.12,1.19401,115.0,0.0
5,6,2,5,0,0,2,1,4,4,2,0,1,1,1,860271.2399999996,1.10091,115.0,0.0
4,7,3,2,2,0,0,4,0,3,0,2,0,4,3,831281.7000000002,0.676053,162.0,0.777778
5,5,1,6,0,0,0,2,4,1,1,4,4,3,2,708318.07,1.04467,115.0,0.0
7,6,4,4,1,1,1,4,2,2,2,2,0,0,1,1364296.7199999997,1.3853,91.0,0.0
5,7,3,3,2,2,1,4,3,0,3,0,4,4,0,1077573.27,1.05838,120.0,0.0
7,4,1,4,1,2,2,1,2,1,3,2,1,2,0,861863.2999999999,1.3241,100.0,0.0
6,4,4,5,0,0,1,2,3,2,1,1,3,1,3,932205.2599999999,1.2437,113.0,0.0
7,5,3,7,2,2,0,3,2,0,0,1,0,1,2,1195512.0499999998,1.31292,95.0,0.0
6,7,2,7,0,2,1,0,1,4,2,4,2,3,3,1323177.5399999996,1.53323,90.0,0.0
6,4,3,7,2,2,0,4,0,4,0,1,4,1,4,947176.7999999997,1.29758,100.0,0.0
5,7,4,4,0,2,1,2,2,1,3,2,4,1,4,1217731.4100000001,1.15108,115.0,0.0
5,7,4,3,2,1,2,4,1,2,0,3,4,0,0,1132934.8299999998,0.997256,123.0,0.0
6,6,2,7,0,0,2,4,2,3,1,4,1,3,2,1152365.9599999995,1.30011,95.0,0.0
4,5,4,5,1,2,0,4,2,1,3,0,1,1,2,720807.7999999999,0.839907,150.0,0.0
4,4,3,5,0,2,2,0,0,3,1,2,0,0,1,557754.5199999999,0.727303,162.0,0.0
7,7,4,5,0,1,1,3,3,3,1,0,2,1,3,1623671.0299999998,1.55426,90.0,0.0
4,6,2,4,2,1,0,4,1,4,1,0,2,2,3,715194.2,0.92696,142.0,0.0
5,6,2,3,1,0,2,0,1,0,1,0,0,0,4,753313.46,0.608467,139.0,0.777778
7,5,4,4,0,0,2,4,3,1,2,1,4,4,1,1307460.83,1.26498,100.0,0.0
4,6,3,6,2,0,0,0,4,3,3,0,3,4,3,845835.2399999999,0.91504,140.0,0.0
6,5,1,5,2,0,2,2,3,2,3,2,1,2,3,878850.6599999997,1.24154,100.0,0.0
6,5,1,7,1,2,1,2,0,2,4,0,0,4,2,874716.5399999998,1.10577,100.0,0.0
7,6,3,6,2,1,2,2,0,4,0,4,1,3,3,1464468.8199999998,1.54491,90.0,0.0
6,7,4,7,2,0,2,2,0,3,1,0,3,1,0,1368682.5799999991,1.40321,90.0,0.0
6,5,4,5,1,1,0,1,0,3,0,4,0,4,1,1068541.0499999998,1.18494,100.0,0.0
4,6,3,3,1,1,1,2,0,0,2,3,0,2,3,741914.2000000002,0.698229,162.0,0.0
6,6,1,5,1,2,0,3,3,4,3,0,0,1,0,903181.1999999996,1.21049,96.0,0.0
5,5,1,2,0,2,0,3,4,3,2,1,4,2,3,651949.73,1.01172,137.0,0.0
4,5,1,5,0,2,2,2,3,3,0,0,1,0,4,558986.56,0.856931,150.0,0.0
7,7,1,2,1,1,0,0,0,1,0,2,0,3,2,1053026.7700000005,0.849867,153.0,0.777778
5,4,2,5,0,0,0,1,2,3,4,4,1,2,0,673057.7,0.999295,126.0,0.0
5,7,1,5,2,2,0,1,2,0,4,1,3,3,1,920141.2499999995,1.20514,110.0,0.0
4,7,3,3,0,2,2,2,4,3,2,2,2,1,0,850639.6800000002,0.938909,147.0,0.0
5,6,2,5,0,1,0,0,2,1,0,4,1,3,2,876982.0999999999,1.00933,120.0,0.0
5,5,3,5,0,1,2,4,0,4,1,2,2,2,2,887208.7899999997,1.15464,115.0,0.0
4,7,2,6,0,2,1,0,3,1,1,2,0,0,2,806690.5199999999,0.833853,140.0,0.0
6,7,2,2,0,1,1,3,1,2,1,1,1,0,3,1071569.1,1.09303,121.0,0.111111
5,5,4,7,2,0,2,1,3,1,3,1,0,2,4,966461.5899999997,1.09643,115.0,0.0
7,6,3,3,1,1,2,4,2,2,2,2,4,0,2,1344474.4899999998,1.50829,94.0,0.0
5,5,3,4,0,1,0,0,0,3,1,0,2,4,3,813917.83,1.05641,115.0,0.0
4,4,4,6,0,1,0,0,2,3,2,1,3,3,0,614735.16,0.80256,157.0,0.0
5,7,1,5,0,0,2,0,3,1,3,0,0,1,0,813477.7299999996,0.939337,117.0,0.0
7,6,3,6,2,0,0,1,2,2,3,4,1,1,1,1384733.2699999996,1.48092,90.0,0.0
7,5,3,4,1,0,0,4,2,4,1,2,3,0,3,1201825.8899999997,1.23295,100.0,0.0
4,4,3,7,0,1,0,0,2,1,4,3,1,0,1,593434.72,0.715442,161.0,0.0
6,7,3,6,1,0,1,0,4,2,4,3,4,3,4,1460674.7599999998,1.46416,90.0,0.0
4,4,4,4,2,1,2,1,0,2,4,4,3,0,0,624854.3999999999,0.768065,160.0,0.0
4,7,3,5,1,0,2,2,2,3,0,1,0,4,4,896884.5399999997,0.866365,141.0,0.0
6,5,2,6,1,0,1,3,1,0,0,4,2,3,2,982027.6399999998,1.1831,100.0,0.0
5,7,1,7,2,0,2,2,0,2,4,2,4,3,2,965050.5699999995,1.0815,110.0,0.0
6,6,3,3,0,1,0,0,0,3,3,3,1,2,2,1106703.0,1.23464,103.0,0.0
4,4,3,6,1,0,1,3,3,0,1,1,1,2,3,603573.64,0.781807,158.0,0.0
4,4,3,3,1,2,2,3,3,4,0,3,1,1,0,573124.44,0.734408,152.0,0.111111
5,5,1,3,2,2,0,0,2,0,3,2,2,4,0,659899.5700000001,1.15758,117.0,0.0
6,4,2,7,1,0,0,3,0,3,1,4,1,3,2,859004.0399999999,1.21343,100.0,0.0
7,4,2,4,1,2,1,1,4,3,3,1,4,3,0,951110.4599999998,1.35986,100.0,0.0
6,5,1,3,0,2,1,0,3,0,3,1,0,3,1,779239.06,1.12947,110.0,0.0
7,5,4,4,2,0,0,3,4,0,3,3,3,0,4,1318860.06,1.17494,100.0,0.0
5,4,1,7,1,1,1,2,2,0,2,2,2,4,1,658771.26,1.00487,125.0,0.0
7,7,4,4,0,2,2,0,3,0,1,4,3,0,4,1634067.23,1.42689,92.0,0.0
4,6,3,2,1,1,2,4,2,1,2,3,0,1,1,724866.3200000001,0.728217,180.0,0.0
4,4,3,6,2,1,0,3,1,0,2,1,1,3,2,604272.32,0.833523,151.0,0.0
5,6,1,6,1,2,2,3,4,1,1,1,4,3,1,856919.0799999997,1.16661,115.0,0.0
4,7,3,7,2,1,2,0,3,2,1,3,3,2,4,985218.8,0.898845,140.0,0.0
5,6,2,4,1,1,0,3,3,3,0,2,0,0,4,863138.4799999999,1.04511,116.0,0.0
6,5,3,6,2,1,1,2,1,0,0,2,4,3,3,1075793.6799999995,1.25248,100.0,0.0
6,7,4,6,2,2,2,2,2,2,0,1,3,1,4,1481198.7999999993,1.60657,90.0,0.0
5,7,1,7,1,2,1,4,1,1,1,1,2,1,3,971711.9299999995,1.23977,110.0,0.0
6,4,4,4,0,0,0,2,2,0,1,4,3,3,3,936345.2200000001,1.18795,100.0,0.0
5,6,4,7,2,2,0,3,2,0,3,0,0,3,3,1071176.4299999997,1.08083,115.0,0.0
6,4,2,5,1,1,2,2,0,2,0,2,3,0,1,813363.18,1.22108,100.0,0.0
4,4,2,6,1,1,1,1,2,3,3,2,2,0,0,562031.6799999999,0.801699,159.0,0.0
5,7,2,3,0,0,0,2,0,3,0,2,3,0,4,911912.51,0.93219,123.0,0.0
4,5,2,4,2,0,1,4,0,4,0,4,1,4,0,609408.6799999999,0.792282,150.0,0.0
6,6,2,4,0,0,0,1,2,1,4,0,3,1,0,966552.3599999994,1.18813,95.0,0.0
6,7,1,7,2,0,0,1,3,0,4,1,1,4,0,1089695.9999999995,1.21847,95.0,0.0
4,4,4,2,2,1,1,3,0,2,3,0,3,1,1,570152.29,0.737793,167.0,0.777778
5,7,2,2,2,0,1,0,1,4,2,1,2,4,4,949592.7500000005,0.926867,133.0,0.777778
6,6,1,4,2,1,1,4,2,2,0,4,3,0,3,942767.2999999997,1.27452,100.0,0.0
7,7,4,2,1,1,0,2,0,1,3,1,1,2,2,1435408.0500000003,1.17931,118.0,0.777778
6,5,2,5,2,0,2,1,0,1,3,4,1,1,2,950541.3999999998,1.16232,100.0,0.0
7,5,1,2,1,0,1,3,3,3,0,2,4,3,2,903853.19,1.03253,120.0,0.777778
7,5,2,2,1,2,0,2,4,1,1,3,0,2,4,1027000.3300000003,1.09524,114.0,0.777778
4,5,4,4,0,2,1,1,1,0,0,0,2,0,0,609077.26,0.643549,160.0,0.0
7,4,2,4,0,0,2,3,2,1,1,3,3,0,1,927694.18,1.24175,100.0,0.0
6,4,3,2,2,2,2,0,3,3,3,1,2,0,0,817443.04,1.13726,119.0,0.777778
5,5,4,6,1,2,2,0,3,4,4,1,3,3,2,999796.2299999996,1.24227,115.0,0.0
7,4,2,4,1,0,0,0,0,0,2,0,4,3,4,886324.0399999999,1.03635,104.0,0.0
6,6,2,4,1,1,1,1,1,0,1,4,2,1,0,1014416.4199999997,1.23075,100.0,0.0
7,5,4,3,0,2,1,0,2,3,1,2,2,4,3,1241228.3900000004,1.30487,101.0,0.0
6,4,4,4,2,1,1,4,2,1,1,0,0,2,4,912539.8799999999,1.23343,102.0,0.0
6,4,4,6,0,0,2,4,0,1,0,3,3,4,1,962899.12,1.20716,100.0,0.0
6,4,1,3,2,2,2,0,0,0,3,2,4,4,3,705696.56,1.00568,119.0,0.0
5,5,2,7,2,2,0,1,2,1,4,4,4,3,2,879534.6299999999,1.21835,115.0,0.0
5,4,1,6,0,1,1,1,0,1,2,2,3,4,2,635953.12,0.99841,125.0,0.0
4,7,1,2,1,1,0,1,0,4,4,4,4,1,2,651321.3799999999,0.727527,176.0,0.0
6,4,1,3,1,1,1,1,1,0,0,1,4,3,1,694959.2,1.17052,110.0,0.0
6,4,4,3,1,2,2,3,3,0,3,1,0,1,1,868879.2899999998,1.24205,108.0,0.0
5,7,2,4,0,1,0,3,1,0,4,2,2,0,1,960230.4499999996,1.00259,115.0,0.0
6,4,4,7,2,1,1,0,1,4,0,1,1,0,3,923830.4400000001,1.18939,100.0,0.0
6,6,1,2,1,0,0,2,1,0,0,3,2,4,3,841425.6399999999,0.942844,136.0,0.0
7,5,4,4,2,1,0,2,1,1,3,0,2,3,1,1206288.0099999993,1.26841,100.0,0.0
5,7,2,4,1,1,0,4,3,2,3,4,4,1,0,991382.7299999996,1.11176,115.0,0.0
4,4,1,4,1,2,2,2,0,4,1,4,1,3,3,501433.67999999993,0.807991,159.0,0.0
5,5,2,5,2,0,1,3,2,1,1,4,4,0,2,804945.33,1.11293,115.0,0.0
4,4,4,4,0,1,1,4,2,1,1,1,1,1,3,602296.1,0.80143,159.0,0.0
5,6,2,2,0,0,1,0,2,4,2,0,0,4,4,791347.24,0.821397,131.0,0.111111
4,5,1,4,0,1,2,1,1,3,4,1,0,0,1,541123.8,0.754884,151.0,0.0
7,5,4,2,0,0,2,2,2,0,3,2,1,2,1,1136595.0699999998,1.05169,134.0,0.0
4,5,2,3,2,2,0,3,0,4,3,0,1,2,2,609304.2400000001,0.862913,152.0,0.0
7,7,1,7,2,0,0,3,3,0,0,4,1,1,1,1303388.5899999994,1.36083,90.0,0.0
6,6,2,5,2,2,1,1,1,4,1,2,3,0,1,1082474.2999999998,1.35574,95.0,0.0
4,6,3,4,0,1,2,1,2,0,2,2,1,1,0,726377.9199999998,0.914045,142.0,0.0
7,4,3,4,0,2,0,3,1,0,4,3,4,3,3,1079594.58,1.21385,100.0,0.0
5,6,1,3,0,0,1,1,0,4,4,0,0,3,2,690668.5800000001,0.918783,125.0,0.0
5,4,1,2,2,0,0,0,0,4,4,2,4,2,1,557158.7999999999,0.926997,125.0,0.111111
6,5,2,5,1,0,0,1,1,1,0,4,4,4,0,912132.2399999999,1.16279,104.0,0.0
5,7,4,6,2,1,1,2,2,0,2,0,1,1,0,1084059.6899999992,1.1061,110.0,0.0
4,6,1,6,1,0,2,3,4,4,3,3,4,1,3,675800.3999999999,0.894608,140.0,0.0
6,6,4,5,1,1,0,4,1,4,0,2,0,1,0,1178597.7399999993,1.24096,97.0,0.0
7,5,2,5,2,1,1,3,4,4,4,3,0,1,4,1132050.7699999996,1.395,95.0,0.0
4,5,2,2,2,2,0,1,4,4,3,2,4,1,0,597688.9200000002,0.860077,168.0,0.0
6,5,1,2,2,0,0,1,4,1,0,1,2,0,2,746542.1400000001,0.996115,125.0,0.777778
5,7,4,6,0,1,1,2,2,1,1,0,3,2,3,1176845.7499999993,1.19101,110.0,0.0
4,4,1,7,2,1,2,3,1,3,4,0,1,4,2,533202.9199999999,0.870966,154.0,0.0
7,7,2,4,2,1,0,4,1,1,3,4,4,4,1,1420699.19,1.54818,90.0,0.0
4,7,4,2,1,1,1,0,0,0,2,2,0,4,0,784929.72,0.507993,162.0,0.777778
7,4,1,6,0,2,1,0,4,3,3,0,1,1,0,856993.8599999999,1.22629,100.0,0.0
6,4,2,5,0,0,0,2,3,2,0,1,3,2,3,825905.5199999999,1.2251,101.0,0.0
7,7,1,5,2,2,1,3,2,0,1,3,4,1,4,1289883.8699999994,1.46476,90.0,0.0
6,6,4,2,0,0,1,3,0,3,3,3,1,0,0,1095666.8599999996,0.903638,124.0,0.0
4,7,3,3,2,0,2,3,1,2,1,3,4,0,0,826927.0999999999,0.810373,151.0,0.0
5,5,2,2,0,2,1,0,1,4,1,4,3,4,1,733705.69,1.15069,125.0,0.0
7,5,3,4,1,0,1,4,0,1,0,0,3,2,4,1155021.0899999999,1.19948,100.0,0.0
4,6,1,7,0,2,0,3,4,4,1,4,4,2,1,683801.5999999999,0.910304,140.0,0.0
6,6,4,7,0,1,0,3,1,3,0,4,3,4,1,1348068.9999999998,1.24286,95.0,0.0
7,6,1,2,1,2,1,3,4,2,4,1,1,4,1,1049855.8,1.53593,98.0,0.0
7,4,4,5,0,2,1,1,4,0,4,3,0,2,1,1087435.8199999998,1.22255,100.0,0.0
6,6,1,4,1,0,0,0,0,0,3,4,4,1,0,862826.4399999997,0.939061,113.0,0.0
4,4,1,3,0,1,0,1,0,4,2,3,1,1,2,456146.44,0.674798,166.0,0.777778
6,5,4,2,2,1,1,2,4,2,2,1,0,1,1,989351.5800000001,1.15301,120.0,0.0
4,7,3,6,1,2,2,1,1,2,1,4,2,4,0,919053.3299999996,0.938867,140.0,0.0
4,4,4,6,1,0,1,4,3,1,4,4,1,1,0,652549.9,0.773951,160.0,0.0
6,5,2,3,1,0,2,2,3,1,1,2,2,2,2,945324.72,1.30266,101.0,0.0
5,6,2,6,2,1,0,1,2,1,3,2,3,4,3,976566.82,1.13746,115.0,0.0
5,6,4,6,2,2,2,4,1,4,4,2,0,4,4,1185827.8599999994,1.15171,115.0,0.0
7,7,1,2,0,0,2,2,3,3,4,4,0,4,3,1093801.9700000002,1.25589,128.0,0.0
5,6,1,4,0,2,0,0,2,0,4,2,4,2,0,746142.6399999998,1.02854,115.0,0.0
7,5,1,3,1,0,0,4,1,3,0,1,1,2,4,908902.7100000002,1.21518,101.0,0.0
4,6,4,7,2,2,1,1,1,2,0,2,2,1,4,874331.8000000002,0.95299,140.0,0.0
7,7,1,6,1,2,1,3,3,3,0,4,2,3,3,1312777.8699999992,1.49271,90.0,0.0
5,5,2,3,0,1,0,4,3,2,4,1,2,1,0,723535.2100000002,1.0859,121.0,0.0
6,6,2,4,1,2,1,2,2,2,3,1,2,4,4,1125912.08,1.37489,97.0,0.0
5,4,4,3,0,2,1,1,1,4,3,4,0,2,4,784900.4800000002,1.04068,125.0,0.0
7,5,3,4,0,0,1,3,1,2,3,1,0,1,1,1100688.33,1.16827,100.0,0.0
6,7,1,5,0,2,2,3,1,3,2,4,3,3,2,1107407.2199999997,1.51628,90.0,0.0
5,7,4,3,0,1,2,4,3,0,0,4,3,1,4,1185448.39,1.05829,121.0,0.0
5,5,3,4,0,2,1,2,3,3,2,1,1,1,4,856575.2100000001,1.20107,115.0,0.0
4,4,3,2,2,1,1,4,3,0,4,3,3,4,2,602844.24,0.746427,156.0,0.111111
6,7,1,4,2,1,0,2,3,3,0,1,3,2,1,1060131.7399999993,1.48716,95.0,0.0
5,4,2,2,2,0,2,2,0,2,0,4,0,4,2,628394.8400000001,0.881202,127.0,0.111111
5,6,3,7,0,1,0,2,4,4,1,3,0,2,1,1015207.6199999998,1.05071,115.0,0.0
4,5,2,6,0,0,1,3,3,4,2,4,4,3,4,678577.22,0.826042,149.0,0.0
6,4,1,3,1,2,2,1,0,1,4,0,4,3,0,688435.04,1.10715,117.0,0.0
6,7,2,5,1,2,0,4,0,2,0,0,0,2,3,1168532.1599999997,1.20469,96.0,0.0
7,7,4,3,2,1,1,2,4,0,3,0,4,4,1,1626630.3100000003,1.49392,93.0,0.0
6,6,3,2,1,1,1,0,2,1,3,0,3,2,3,1102512.64,1.06056,121.0,0.777778
7,7,2,7,2,1,2,3,3,3,2,2,3,1,2,1578963.3099999996,1.51193,90.0,0.0
6,7,3,5,1,1,2,1,0,0,0,2,0,3,4,1274967.08,1.21821,92.0,0.0
6,4,3,5,0,1,2,1,4,4,2,3,1,2,0,892511.2,1.32838,102.0,0.0
7,4,2,4,1,1,0,1,1,0,3,0,0,2,3,893580.28,1.15517,100.0,0.0
6,5,1,2,0,1,1,0,2,2,0,1,1,3,3,762295.1800000002,1.01195,118.0,0.111111
4,4,2,7,2,1,2,3,1,2,2,1,0,3,2,590639.8400000001,0.830718,156.0,0.0
6,7,2,6,0,1,1,4,4,4,4,4,2,3,1,1276520.9999999995,1.53689,90.0,0.0
7,6,2,6,2,0,2,0,4,3,1,0,4,2,1,1285240.8999999994,1.51826,90.0,0.0
7,4,4,2,1,2,0,4,1,0,1,1,2,3,1,985659.78,1.1603,117.0,0.0
4,4,2,4,1,1,0,2,1,1,4,3,2,0,4,542473.0399999999,0.807836,156.0,0.0
4,7,4,3,2,2,1,1,2,0,3,1,4,2,2,918047.46,0.868317,150.0,0.0
6,7,3,5,0,2,0,4,3,3,0,1,2,3,2,1376364.5999999992,1.53146,90.0,0.0
5,4,2,6,0,1,1,1,2,0,4,1,1,0,3,682428.9400000001,0.972946,125.0,0.0
5,4,4,6,0,0,0,1,3,3,4,3,2,3,4,853367.2499999999,1.01128,128.0,0.0
5,6,2,6,1,1,2,0,0,1,2,0,1,0,3,872933.1999999998,1.00515,115.0,0.0
6,7,3,7,0,2,0,2,3,4,2,0,1,0,2,1309927.7799999998,1.44105,90.0,0.0
7,6,3,7,1,0,1,2,1,0,3,1,4,4,4,1469437.539999999,1.44602,90.0,0.0
4,4,2,3,0,0,1,0,0,4,0,0,2,4,3,488088.27999999997,0.620358,155.0,0.111111
4,7,1,4,0,0,0,2,0,3,3,0,4,3,4,652974.6999999998,0.769241,146.0,0.0
5,6,1,5,2,2,1,0,3,1,1,3,2,0,2,821603.0199999998,1.12484,115.0,0.0
5,4,3,7,1,0,1,4,0,3,0,1,4,3,3,791104.6,1.01579,125.0,0.0
6,5,3,6,2,1,2,2,4,3,2,3,0,2,0,1072120.8399999999,1.27746,100.0,0.0
4,4,2,6,1,2,1,4,4,4,4,2,0,3,2,581758.48,0.862733,154.0,0.0
6,4,3,6,2,1,1,2,2,4,2,0,1,2,2,906237.4700000001,1.30906,100.0,0.0
6,6,1,5,1,0,2,1,3,3,0,0,3,0,3,925157.8399999997,1.21241,96.0,0.0
4,7,2,3,2,2,0,0,2,2,3,1,1,0,1,753081.9000000001,0.871135,149.0,0.0
5,7,1,5,2,1,2,2,3,4,0,4,1,3,1,927031.9299999996,1.21858,110.0,0.0
4,7,4,5,1,1,2,2,1,3,0,1,3,2,3,958712.3199999997,0.961672,140.0,0.0
5,5,4,5,2,1,0,1,3,0,2,4,2,1,3,937110.0499999999,1.16736,115.0,0.0
6,5,1,6,0,2,2,3,4,4,2,4,2,2,3,900541.3399999997,1.32346,100.0,0.0
6,4,1,7,0,1,1,2,2,2,0,1,2,2,0,759482.38,1.23297,100.0,0.0
7,4,1,7,2,1,2,2,1,2,2,0,3,0,2,909354.9999999998,1.22496,100.0,0.0
4,7,2,4,1,2,1,1,4,1,1,2,3,3,2,838412.6999999998,0.937193,143.0,0.0
5,6,4,3,2,0,0,3,0,1,2,0,1,2,0,883832.3400000001,0.867376,120.0,0.111111
6,7,2,4,0,2,1,0,3,3,1,0,4,1,1,1148846.959999999,1.50754,93.0,0.0
7,5,3,5,1,1,2,0,1,4,1,1,1,4,4,1212619.4899999998,1.419,95.0,0.0
7,4,1,4,2,2,1,2,0,0,4,1,2,1,1,860150.5999999999,1.1623,101.0,0.0
7,6,3,6,1,2,2,4,0,3,1,1,0,0,1,1333641.6399999994,1.3773,90.0,0.0
4,4,1,5,2,0,2,1,4,1,1,0,4,0,3,491031.92,0.735079,160.0,0.0
6,6,4,3,1,0,1,4,4,1,0,3,4,0,4,1262991.9199999995,1.20079,102.0,0.0
6,5,4,4,1,1,0,2,2,1,4,4,0,0,3,1078007.4799999995,1.15326,101.0,0.0
4,6,3,7,0,1,1,2,2,4,1,2,1,1,3,826931.3199999997,0.93767,140.0,0.0
4,5,1,2,2,1,1,0,1,2,0,4,3,4,2,524353.3600000001,0.718021,156.0,0.111111
5,7,2,6,1,1,0,4,3,3,2,0,0,1,0,937986.0499999997,1.11457,110.0,0.0
6,4,2,4,1,1,1,0,3,1,2,3,4,4,4,838167.24,1.30827,100.0,0.0
5,6,1,2,1,2,1,1,3,2,3,2,0,2,4,743238.6799999999,1.04762,131.0,0.0
7,6,4,6,0,1,2,1,3,1,1,3,0,4,2,1497703.5799999991,1.52648,90.0,0.0
6,6,4,7,2,2,1,1,2,0,0,1,4,2,2,1279362.439999999,1.32059,95.0,0.0
6,4,1,4,1,1,0,3,2,0,2,2,3,4,0,704845.06,1.17983,100.0,0.0
6,4,4,5,0,2,0,0,3,2,1,0,1,1,4,894431.9199999999,1.1828,104.0,0.0
7,6,1,4,0,2,1,0,1,3,0,0,0,2,2,1034114.6199999995,1.31048,96.0,0.0
7,6,1,2,1,2,1,4,0,0,0,2,1,2,0,988300.8200000001,0.828034,180.0,0.222222
7,4,3,4,1,1,1,4,2,1,2,1,2,1,2,1007326.4199999999,1.26108,100.0,0.0
4,6,1,7,1,2,2,3,1,1,1,4,4,3,2,704731.1999999997,0.967295,140.0,0.0
4,6,2,3,1,0,0,0,0,2,2,2,3,2,1,671503.0800000001,0.77499,155.0,0.0
5,6,3,3,0,1,1,2,0,3,4,3,0,1,1,912331.98,1.05253,120.0,0.0
4,4,4,6,2,0,0,2,1,0,3,2,4,4,3,664867.0599999999,0.773648,158.0,0.0
4,5,4,6,0,0,1,1,3,3,2,3,3,2,0,750671.6099999999,0.822132,150.0,0.0
5,4,4,7,0,0,0,3,2,2,2,4,2,3,3,850900.58,0.981617,125.0,0.0
6,6,1,5,1,2,2,2,4,3,4,0,0,4,0,935176.5599999996,1.24003,95.0,0.0
4,4,1,4,0,2,0,1,4,3,3,0,4,4,2,473477.16,0.807085,157.0,0.0
7,6,1,4,2,2,1,1,0,3,2,3,1,1,3,1127756.8399999994,1.55017,90.0,0.0
4,7,3,4,1,0,2,2,1,0,0,0,1,2,0,766152.0,0.742205,146.0,0.0
7,6,3,4,1,1,2,2,3,4,3,3,2,0,3,1438953.8199999994,1.54799,92.0,0.0
6,6,1,4,2,1,0,4,3,2,4,3,2,4,1,957745.4799999996,1.35046,97.0,0.0
5,7,3,5,0,0,2,2,4,2,1,2,4,2,1,1135214.83,1.19428,110.0,0.0
4,7,2,2,1,0,0,0,1,1,4,2,3,1,3,731914.28,0.645682,176.0,0.777778
6,6,2,2,0,1,0,4,1,1,1,3,1,4,4,982742.5599999998,1.07283,124.0,0.0
4,7,2,7,2,2,0,1,3,0,1,4,4,0,0,822583.0399999998,0.894504,140.0,0.0
5,5,1,6,1,0,1,4,1,1,3,1,3,4,4,736979.99,1.11307,115.0,0.0
4,4,1,3,2,1,1,3,2,4,2,1,4,1,1,479614.8,0.788466,148.0,0.111111
4,5,3,4,0,0,0,2,2,1,0,4,3,2,4,686482.47,0.795669,150.0,0.0
7,7,2,7,1,2,0,0,3,2,3,1,3,3,4,1519541.3099999996,1.5703,90.0,0.0
5,6,3,4,1,2,1,0,3,4,3,1,3,2,3,1031639.9999999999,1.16827,115.0,0.0
6,4,4,7,2,0,1,3,1,4,0,3,2,1,1,974919.3599999998,1.27329,100.0,0.0
6,7,2,5,2,1,0,0,4,2,1,4,1,2,4,1237042.9799999995,1.55993,91.0,0.0
4,6,3,3,1,2,1,1,1,4,2,0,2,2,2,738620.2,0.847829,154.0,0.0
4,5,2,7,2,0,0,2,3,1,4,1,4,1,4,675734.38,0.817105,150.0,0.0
6,4,4,5,0,0,2,3,0,0,3,3,2,3,3,962292.1399999998,1.19356,102.0,0.0
5,6,1,6,0,2,0,3,0,4,4,0,3,1,1,797869.4999999997,1.03484,115.0,0.0
6,5,2,2,0,0,2,2,0,4,4,3,0,0,1,825134.52,0.804528,130.0,0.111111
5,7,4,5,2,2,1,1,3,2,3,2,0,2,4,1234671.0099999998,1.23481,110.0,0.0
5,6,2,5,2,1,2,1,2,4,0,3,0,2,3,932347.7399999996,1.13678,115.0,0.0
5,7,4,2,1,1,2,1,1,2,4,0,3,0,2,1063424.5,0.95063,141.0,0.0
7,5,2,2,0,2,0,4,0,2,3,0,0,1,0,908213.5899999999,0.864333,129.0,0.0
4,5,2,6,0,0,0,3,3,0,0,4,4,2,1,640308.06,0.754022,152.0,0.0
6,4,4,6,0,2,0,1,2,1,1,0,1,1,2,881611.8300000001,1.12575,105.0,0.0
7,5,4,5,0,1,1,4,2,4,0,4,1,0,3,1316723.5299999998,1.3425,95.0,0.0
7,4,1,6,0,1,0,1,1,1,3,3,2,2,1,877213.46,1.19536,101.0,0.0
7,6,1,2,2,2,2,3,3,2,0,3,0,3,4,1045353.8,1.45938,106.0,0.0
7,6,3,6,1,1,0,0,2,4,3,0,4,2,4,1433427.7599999993,1.51754,90.0,0.0
5,6,4,5,0,0,2,3,3,3,0,4,0,1,1,1031847.23,1.06646,115.0,0.0
5,6,4,7,0,0,0,2,2,2,0,2,2,4,0,1032554.0599999997,0.995477,117.0,0.0
4,4,3,4,2,1,2,4,1,1,3,4,2,0,2,610117.1699999999,0.807293,158.0,0.0
5,4,3,2,0,0,1,4,4,1,3,1,3,2,0,680436.8800000001,1.00347,135.0,0.777778
4,7,3,2,2,2,2,0,0,1,4,0,0,2,1,760818.52,0.588435,175.0,0.222222
7,6,2,3,1,1,0,0,0,4,1,1,4,1,3,1141234.44,1.4332,96.0,0.0
4,4,2,6,0,1,1,0,0,4,1,2,1,3,4,555628.78,0.816618,157.0,0.0
5,6,1,3,0,0,2,2,0,0,1,0,0,3,3,698045.54,0.788355,139.0,0.0
4,5,2,3,2,0,2,2,2,3,3,4,3,2,2,647459.98,0.866675,155.0,0.0
6,5,2,6,0,1,0,1,4,0,2,2,1,2,4,972553.5399999997,1.17772,101.0,0.0
4,5,1,4,1,2,0,1,3,2,2,4,4,1,2,568728.3200000001,0.869291,150.0,0.0
4,6,1,3,1,1,2,1,0,3,1,0,3,3,1,604182.02,0.83707,151.0,0.0
7,5,3,2,1,0,1,4,0,0,0,1,1,3,1,1022461.5900000001,0.960804,125.0,0.0
7,5,1,3,2,0,2,2,2,4,0,3,2,2,0,932743.19,1.15719,107.0,0.0
6,5,4,7,0,0,0,0,1,3,0,1,1,3,4,1093020.5399999998,1.10396,101.0,0.0
5,7,3,2,0,1,1,2,3,2,3,2,3,3,2,1097602.66,1.02864,136.0,0.0
4,6,4,7,2,1,1,1,4,3,0,2,0,0,0,816772.6399999999,0.675167,172.0,0.0
5,5,1,2,1,0,2,2,1,3,4,0,1,2,3,641989.53,1.01595,135.0,0.777778
4,4,2,7,2,1,0,4,3,4,3,2,2,0,0,577134.36,0.833903,155.0,0.0
5,7,4,6,2,2,0,0,4,2,0,1,2,0,2,1143356.5299999998,1.1783,110.0,0.0
7,6,1,4,2,2,2,1,0,0,1,1,4,2,4,1128670.0999999996,1.35094,94.0,0.0
4,6,4,7,1,1,2,3,4,0,3,0,1,1,1,849898.2700000001,0.918194,140.0,0.0
5,5,1,4,0,0,1,0,0,2,2,1,1,4,3,671687.47,1.09476,115.0,0.0
6,4,1,6,2,1,1,2,1,1,1,1,2,2,2,782119.6799999999,1.29347,100.0,0.0
7,5,3,7,1,1,2,3,3,0,4,3,2,3,3,1360388.7699999996,1.36758,95.0,0.0
4,5,1,7,1,1,2,4,4,2,1,0,1,2,1,605012.1799999999,0.852322,149.0,0.0
6,6,4,4,2,1,1,2,3,4,1,1,0,3,0,1201904.44,1.35148,96.0,0.0
4,5,3,6,0,2,1,2,1,2,4,4,4,0,3,743447.67,0.84558,149.0,0.0
4,6,2,6,2,1,2,3,0,0,1,3,4,2,4,770179.7599999999,0.876245,140.0,0.0
5,4,1,3,2,1,1,3,4,4,4,0,2,1,2,585179.5999999999,1.11276,125.0,0.0
4,4,3,2,1,0,1,1,2,1,2,0,2,1,0,499875.38,0.621979,167.0,0.111111
5,6,3,4,1,0,2,2,4,1,1,4,4,0,4,1005380.57,1.09842,116.0,0.0
6,5,4,7,1,0,1,1,2,1,3,1,2,0,3,1099864.0999999996,1.14287,100.0,0.0
5,4,4,5,0,1,0,3,3,1,4,0,3,0,0,740385.8300000001,0.899609,128.0,0.0
5,7,1,4,2,2,0,1,2,2,4,2,1,1,1,902415.2499999995,1.14465,115.0,0.0
7,4,3,5,2,1,0,4,2,4,3,2,2,3,0,1069799.04,1.32159,101.0,0.0
5,6,4,4,0,1,0,3,1,0,2,2,1,4,3,1029277.6599999998,1.04311,115.0,0.0
6,7,3,3,0,0,0,3,3,1,4,1,0,4,0,1168029.0600000005,1.34023,97.0,0.0
5,7,2,3,1,2,0,0,1,1,0,3,3,1,1,908001.5100000002,0.942317,123.0,0.777778
7,6,1,6,2,2,0,3,1,4,3,2,0,3,1,1169998.6799999995,1.49971,90.0,0.0
7,5,4,5,1,2,0,3,3,4,3,2,2,2,1,1321272.0699999998,1.41056,95.0,0.0
4,5,2,7,1,2,0,1,2,1,1,2,0,3,4,669088.9,0.84218,150.0,0.0
7,7,4,2,0,1,0,1,1,1,1,3,3,0,0,1378122.7000000004,1.26188,93.0,0.111111
7,6,3,2,2,1,1,3,2,0,3,2,0,1,2,1258015.4200000004,1.34951,112.0,0.0
4,5,2,3,1,2,2,1,0,4,3,3,2,4,1,630550.48,0.889296,151.0,0.0
6,7,2,7,0,1,0,4,1,3,2,4,3,1,2,1282782.7999999993,1.47177,90.0,0.0
4,5,2,4,1,0,1,2,4,0,0,3,2,3,2,637777.1000000001,0.811364,151.0,0.0
4,6,2,2,0,2,2,2,0,0,4,2,2,4,1,687539.6399999999,0.774292,168.0,0.0
7,6,1,4,2,2,1,0,2,4,1,4,4,1,0,1110552.6799999992,1.59513,90.0,0.0
5,7,1,3,0,0,0,1,1,4,1,0,1,0,3,750788.55,0.935852,121.0,0.0
4,6,1,3,2,0,1,0,1,0,4,4,4,3,4,602994.6799999999,0.818348,152.0,0.0
7,6,2,7,1,2,2,2,1,3,0,4,0,0,2,1310158.8799999992,1.40785,90.0,0.0
5,4,1,5,0,1,0,3,3,3,2,4,0,0,4,586423.02,0.879802,127.0,0.0
5,5,2,2,1,0,2,3,1,1,0,0,2,1,4,709748.05,0.993585,134.0,0.0
4,7,2,5,1,0,0,0,1,4,3,4,3,4,4,828154.3199999997,0.878062,141.0,0.0
4,5,4,5,0,1,1,4,3,0,2,1,1,2,1,715148.36,0.805848,150.0,0.0
6,4,4,7,1,1,2,0,4,2,4,3,1,3,1,1017893.4199999998,1.35462,100.0,0.0
7,7,2,7,1,2,0,3,3,4,3,0,4,1,2,1486407.3099999991,1.50844,90.0,0.0
4,5,3,5,1,0,2,4,1,0,1,0,0,1,3,653308.92,0.730674,151.0,0.0
7,6,1,3,1,2,2,2,3,1,0,2,4,0,0,1037715.8200000001,1.40648,102.0,0.0
6,4,3,6,1,0,2,0,4,1,3,3,4,4,4,967573.08,1.26661,100.0,0.0
4,7,3,5,2,0,2,4,3,1,0,2,4,3,1,928586.1599999996,0.896949,141.0,0.0
5,7,1,2,0,1,2,4,3,2,0,3,2,3,4,824042.1499999999,1.02724,135.0,0.0
4,7,4,4,0,1,1,0,3,2,4,3,4,1,4,997487.16,0.945734,141.0,0.0
5,6,3,6,0,1,2,1,0,4,0,3,2,4,4,1032841.62,1.10732,115.0,0.0
7,5,1,6,0,1,1,4,3,1,2,1,4,1,2,1024531.4099999996,1.34128,95.0,0.0
4,5,3,6,2,2,0,3,4,3,0,0,1,1,3,714466.3800000001,0.882071,149.0,0.0
4,6,4,2,1,2,0,0,1,4,3,3,1,3,0,777682.56,0.770062,162.0,0.777778
5,5,2,7,0,0,2,3,0,3,3,1,3,0,3,825079.2699999999,1.09624,115.0,0.0
7,7,4,4,0,0,2,3,2,4,4,3,0,3,1,1648167.729999999,1.44723,90.0,0.0
4,6,3,4,2,2,1,2,1,0,2,4,4,2,3,818711.4999999999,0.954657,140.0,0.0
7,7,1,2,2,1,0,0,1,0,2,1,3,4,4,1132937.69,1.33479,116.0,0.0
7,6,2,4,0,2,0,3,4,3,2,3,0,3,2,1252289.7399999993,1.49775,90.0,0.0
6,4,3,4,0,1,0,2,3,0,1,4,1,1,4,863551.7000000001,1.19616,100.0,0.0
4,7,4,7,2,2,1,0,4,3,3,3,2,1,3,1053879.6899999995,0.937773,140.0,0.0
5,7,4,4,2,2,2,0,2,4,2,4,0,3,2,1216524.7299999995,1.1211,115.0,0.0
4,5,1,3,0,1,2,1,2,4,4,2,1,1,1,545641.48,0.849838,155.0,0.0
4,4,3,5,0,1,2,2,3,1,4,2,4,0,2,611374.0,0.842849,155.0,0.0
6,5,2,7,1,1,1,1,4,0,2,1,1,4,3,995425.5399999997,1.19628,100.0,0.0
6,5,3,4,1,2,2,2,3,0,1,0,4,1,4,1031470.2399999996,1.30422,100.0,0.0
4,7,1,5,2,2,2,1,0,2,4,3,0,2,4,742867.9599999997,0.865947,142.0,0.0
6,7,1,4,2,0,2,4,2,2,0,0,0,2,2,1013762.0999999996,1.10357,103.0,0.0
6,4,4,3,0,2,2,1,3,2,1,3,3,1,2,911770.95,1.36185,103.0,0.0
6,7,4,7,0,0,2,1,3,2,0,1,3,4,0,1446298.5,1.43215,90.0,0.0
5,5,1,2,0,0,0,0,3,3,2,2,1,2,4,619341.1699999999,0.973469,134.0,0.0
4,7,2,3,1,0,0,4,1,1,3,3,0,1,1,729298.02,0.743504,154.0,0.0
5,5,4,5,2,2,0,1,4,0,3,4,0,0,1,898278.35,1.06649,115.0,0.0
7,7,3,5,2,0,2,0,4,3,0,4,2,4,4,1642119.63,1.45756,90.0,0.0
6,6,1,5,0,2,0,0,2,4,4,3,2,4,1,966110.6399999995,1.22416,98.0,0.0
4,6,3,6,0,2,1,1,0,4,2,2,4,0,0,773970.0799999998,0.821307,144.0,0.0
6,6,2,7,2,0,2,3,2,0,1,4,4,2,1,1176290.5599999996,1.30002,95.0,0.0
4,4,4,4,0,1,0,4,4,4,2,3,0,0,3,631307.9199999999,0.693065,169.0,0.0
5,6,2,2,1,2,0,4,4,4,3,1,0,1,0,784417.5800000001,1.00568,130.0,0.0
4,7,3,6,2,2,2,0,2,3,3,0,3,3,1,949223.6599999997,0.920997,140.0,0.0
5,6,2,2,2,1,2,1,1,2,1,1,2,0,1,815419.4600000002,1.00109,136.0,0.0
5,5,1,3,2,0,1,2,1,1,1,2,0,4,2,664062.25,1.06269,119.0,0.0
5,5,1,6,2,0,2,0,0,2,1,2,4,3,3,739068.0299999998,1.07184,115.0,0.0
4,7,3,6,1,2,0,0,2,2,2,0,1,4,0,854818.9599999998,0.892802,140.0,0.0
7,5,2,2,0,1,2,1,4,1,4,4,3,4,3,1076479.2300000002,1.23943,116.0,0.0
4,6,4,5,1,1,1,2,1,4,1,2,3,2,0,833629.9799999999,0.936506,142.0,0.0
6,7,4,7,0,0,2,3,0,4,0,1,2,4,4,1515660.3999999994,1.45139,90.0,0.0
5,7,1,4,2,1,1,2,1,2,0,0,4,0,0,826447.2899999997,0.970743,119.0,0.0
5,7,3,5,1,2,2,1,1,3,0,2,4,2,2,1142006.4699999997,1.25122,110.0,0.0
5,5,2,2,0,1,1,0,2,4,3,2,1,4,0,722628.3700000001,1.07465,129.0,0.0
5,5,4,6,2,0,1,0,4,4,2,2,3,0,2,951760.99,1.14655,115.0,0.0
5,6,3,6,2,0,0,4,4,2,0,2,3,3,4,1075345.2599999993,1.09854,115.0,0.0
4,5,3,3,0,0,1,0,0,3,0,4,4,0,0,597294.96,0.636435,169.0,0.0
7,5,3,7,1,2,1,3,0,1,4,2,3,4,4,1338315.0499999998,1.33771,95.0,0.0
4,7,1,6,2,1,1,1,2,3,4,4,1,3,4,761777.2199999999,0.910041,140.0,0.0
6,6,2,7,2,2,2,0,1,2,1,0,4,4,4,1160100.8399999999,1.38801,95.0,0.0
5,5,2,4,0,1,1,1,2,3,1,0,4,4,0,750110.1900000001,1.14041,115.0,0.0
4,4,3,6,2,2,1,1,3,3,1,2,0,2,3,634031.1499999999,0.865188,155.0,0.0
4,4,2,3,0,1,2,1,2,1,4,1,0,4,3,521310.24000000005,0.73589,156.0,0.777778
6,4,4,6,2,2,1,3,2,3,1,0,0,1,0,896983.1000000001,1.18281,101.0,0.0
4,5,3,5,1,1,0,2,1,4,3,0,1,3,2,690664.1600000001,0.83353,150.0,0.0
5,4,4,6,0,2,1,3,3,3,0,2,2,1,3,820687.5299999999,1.07218,125.0,0.0
4,6,2,2,2,0,1,4,2,1,0,3,0,2,3,667541.96,0.725098,171.0,0.0
7,6,4,2,1,0,0,0,0,3,1,2,1,1,0,1187027.9400000004,1.1667,116.0,0.0
5,4,2,6,1,0,2,2,1,3,2,2,4,2,3,742448.44,1.04253,125.0,0.0
6,4,3,5,0,0,1,0,1,2,2,4,2,3,1,883732.36,1.29221,100.0,0.0
5,5,1,4,0,0,2,0,4,0,0,2,1,2,1,674998.23,0.992527,116.0,0.0
4,7,1,4,2,0,2,1,1,2,0,4,4,2,0,705376.3599999999,0.837668,143.0,0.0
7,4,4,7,2,1,1,1,3,4,1,2,0,4,2,1170577.4099999997,1.28077,100.0,0.0
4,6,2,3,1,2,0,4,1,0,4,0,1,0,3,650657.52,0.800267,155.0,0.0
4,4,2,2,1,0,0,1,2,4,3,3,1,4,3,515236.95999999996,0.729214,153.0,0.111111
6,6,3,3,0,0,1,3,4,0,0,0,0,2,3,1055198.4,0.908519,115.0,0.0
4,4,3,2,1,2,1,4,2,1,4,1,3,1,2,573838.6599999999,0.768783,177.0,0.0
7,6,2,3,1,1,0,0,1,3,1,1,3,3,1,1151656.62,1.57779,90.0,0.0
7,5,2,3,2,0,2,3,2,3,4,1,2,0,3,1065559.1099999999,1.27116,101.0,0.0
7,5,4,3,0,2,0,3,3,2,2,0,0,0,1,1087899.59,0.850135,105.0,0.111111
6,6,2,2,1,0,2,0,1,2,2,0,0,2,1,940104.76,0.897414,131.0,0.777778
5,6,2,2,0,0,0,1,4,2,0,0,3,2,2,798951.3000000003,0.933605,134.0,0.0
6,7,1,5,1,0,0,1,0,0,2,4,1,2,0,1007032.1999999996,1.06448,102.0,0.0
7,4,1,2,1,1,2,0,1,1,2,3,4,3,1,804549.76,1.3035,111.0,0.0
7,5,3,6,1,1,2,3,3,2,0,1,4,1,4,1283025.0499999998,1.40749,95.0,0.0
7,5,3,6,0,2,1,0,0,2,4,2,0,3,3,1236630.9299999997,1.32131,95.0,0.0
4,7,1,4,1,0,1,3,0,0,2,2,1,0,0,651724.7399999999,0.640927,157.0,0.0
4,5,1,7,2,2,1,4,3,3,4,2,4,1,4,622800.44,0.870648,150.0,0.0
5,6,1,6,1,2,2,0,4,0,0,0,1,1,1,814038.4599999997,1.05518,115.0,0.0
7,5,3,4,0,1,0,3,0,0,4,0,2,0,1,1067523.77,1.08411,100.0,0.0
7,4,3,4,1,2,0,1,2,3,0,3,1,1,0,978970.0599999999,1.28359,100.0,0.0
5,6,2,4,2,1,0,1,1,1,3,4,1,0,2,877105.2999999998,1.08777,115.0,0.0
7,6,3,3,1,1,1,0,2,1,3,1,0,3,1,1243041.3399999999,1.47955,93.0,0.0
5,4,2,4,1,1,1,2,3,2,0,4,4,2,0,681062.7000000001,1.05217,126.0,0.0
4,4,4,7,1,1,1,0,1,2,1,3,2,1,4,652683.3999999999,0.848439,157.0,0.0
5,4,1,6,1,0,2,4,2,3,3,4,1,4,3,647345.26,1.01769,125.0,0.0
6,4,4,2,0,1,0,4,4,4,0,3,4,0,2,920402.76,1.03022,114.0,0.111111
4,4,2,6,1,2,2,4,4,2,2,2,3,2,3,608562.8799999999,0.897483,154.0,0.0
5,5,1,7,1,2,0,2,3,4,4,4,1,3,4,761803.4299999998,1.17915,115.0,0.0
7,5,1,2,2,0,0,3,2,4,1,4,3,2,0,875347.1100000001,1.18341,112.0,0.0
4,7,4,7,1,2,0,2,3,4,3,2,3,4,0,1040291.1599999999,0.934251,140.0,0.0
7,7,4,5,1,2,1,3,2,1,2,3,1,3,2,1693895.979999999,1.49565,90.0,0.0
6,5,4,5,2,2,2,0,1,0,1,1,0,2,4,1057793.7799999998,1.20842,100.0,0.0
6,5,2,4,2,1,1,0,4,1,4,1,2,0,2,928246.1999999998,1.23755,100.0,0.0
6,4,2,7,1,1,0,3,2,0,0,3,1,2,1,846011.82,1.23302,100.0,0.0
5,5,3,6,0,2,2,1,1,2,2,1,1,4,3,899822.9399999998,1.19573,115.0,0.0
5,6,3,5,1,1,2,1,0,3,1,1,1,0,4,944987.6599999997,1.06878,115.0,0.0
7,4,1,6,1,0,1,2,1,3,1,1,2,1,0,867518.5999999999,1.22707,100.0,0.0
4,7,3,7,2,0,1,0,0,1,3,0,2,2,3,895141.7999999995,0.844878,140.0,0.0
6,7,3,5,1,0,0,4,4,0,0,0,4,3,2,1314162.1399999992,1.4028,92.0,0.0
7,7,2,3,1,0,1,0,1,2,1,1,0,0,1,1184857.4100000001,1.18934,102.0,0.0
6,5,1,2,2,2,1,3,2,0,4,4,2,0,0,768894.6,0.990331,131.0,0.0
6,7,2,5,2,2,2,3,4,3,3,2,1,2,0,1252908.9599999995,1.62097,90.0,0.0
6,6,4,2,1,0,2,3,1,3,1,3,4,2,1,1206084.06,1.02633,118.0,0.111111
7,7,1,4,1,1,2,1,0,1,3,3,2,3,2,1245819.1099999994,1.44478,91.0,0.0
5,7,4,3,0,2,1,1,4,3,0,4,4,0,1,1154725.0500000003,1.05693,122.0,0.0
7,6,1,3,2,0,0,4,4,1,1,4,0,3,3,1014843.8400000003,1.26924,100.0,0.0
4,5,2,6,2,2,0,0,4,4,1,0,1,3,0,631852.64,0.862968,150.0,0.0
5,4,1,3,0,1,0,0,4,0,3,3,1,1,2,560989.2,0.973333,128.0,0.0
6,6,4,2,1,0,0,2,1,1,4,3,4,2,3,1226240.36,1.02882,135.0,0.0
4,5,3,6,1,2,0,1,4,3,4,2,0,0,0,676720.4199999999,0.666816,143.0,0.111111
4,6,2,2,2,1,1,4,1,4,0,4,2,3,2,705409.2,0.846339,160.0,0.0
4,7,3,5,0,2,1,2,2,1,1,0,2,4,0,846319.0399999997,0.909033,141.0,0.0
6,7,2,6,2,2,2,0,4,0,0,3,3,2,4,1277892.7599999993,1.48931,90.0,0.0
4,4,3,4,2,0,2,3,0,2,0,0,2,3,4,586912.36,0.792181,158.0,0.0
5,4,3,3,1,1,1,0,2,4,4,1,3,1,0,689646.8,1.12215,125.0,0.0
5,7,1,7,2,1,2,0,4,3,3,4,2,3,1,972211.9299999995,1.20524,110.0,0.0
6,6,2,6,1,2,0,1,1,1,4,0,2,1,1,1077732.8199999994,1.30614,95.0,0.0
6,4,3,4,0,1,1,0,3,2,4,3,1,4,0,874443.9600000001,1.29908,100.0,0.0
6,4,2,2,1,2,2,2,2,1,4,1,2,1,4,789282.96,1.26915,115.0,0.777778
4,4,1,5,0,1,1,4,3,1,4,2,2,4,3,500687.45999999996,0.774111,161.0,0.0
5,6,2,7,1,1,1,1,0,3,3,0,1,3,0,898259.2999999998,1.02896,115.0,0.0
4,4,3,4,2,1,0,2,4,2,0,2,2,4,2,603452.0,0.815761,162.0,0.0
4,5,3,2,2,1,1,0,1,2,2,4,1,3,4,664957.11,0.78174,155.0,0.111111
6,5,4,2,0,1,1,2,2,0,3,2,4,3,1,1034245.8400000001,1.135,118.0,0.0
5,7,2,4,1,2,2,1,4,4,0,0,0,0,3,948692.8499999999,0.870503,130.0,0.666667
4,4,1,6,0,0,2,4,4,2,3,3,4,2,0,498437.16,0.819016,157.0,0.0
6,4,1,4,2,1,1,2,0,1,2,4,1,2,3,740751.6799999999,1.25354,102.0,0.0
4,4,3,6,0,1,2,4,0,2,4,2,4,0,3,631815.48,0.827981,154.0,0.0
5,4,2,2,0,1,0,1,0,3,2,2,4,3,1,629062.3,0.955367,153.0,0.0
7,6,4,5,0,2,1,4,0,0,2,2,0,3,4,1470434.2399999998,1.3993,91.0,0.0
5,5,3,4,2,1,2,1,1,0,3,1,1,0,2,810461.5200000001,1.06784,115.0,0.0
5,6,3,7,1,2,1,4,3,1,0,1,2,4,1,1047756.7999999996,1.13981,115.0,0.0
7,4,3,4,1,2,1,4,1,0,2,3,4,2,4,1070285.6600000001,1.26588,100.0,0.0
4,4,2,6,0,1,0,1,0,2,4,3,4,1,3,563723.64,0.806556,156.0,0.0
7,7,3,4,0,2,1,1,1,4,1,0,2,4,4,1520525.5299999998,1.54863,90.0,0.0
6,6,1,6,0,2,0,2,3,1,3,0,3,2,3,961201.8799999995,1.28525,95.0,0.0
5,6,1,3,2,1,0,4,3,0,2,0,4,0,0,694867.3200000001,0.821615,142.0,0.0
7,7,4,5,0,2,2,0,0,2,4,0,4,3,3,1678997.7899999986,1.42486,90.0,0.0
5,6,4,6,0,1,0,1,2,2,2,2,3,4,2,1088422.4799999995,1.09125,115.0,0.0
4,7,3,6,0,2,2,2,2,2,1,2,2,4,3,962026.5899999997,0.954146,140.0,0.0
4,5,3,2,1,0,0,4,1,4,1,4,3,4,2,676205.72,0.767523,169.0,0.0
4,4,3,4,1,2,0,4,1,4,1,4,3,2,2,615640.76,0.837333,158.0,0.0
4,5,2,5,2,1,2,2,2,1,3,0,3,4,1,655529.8200000001,0.872438,150.0,0.0
6,7,1,7,0,2,2,0,2,0,4,0,2,4,1,1120831.9999999993,1.38905,92.0,0.0
6,4,1,5,2,1,1,1,4,3,4,4,1,3,4,763759.6799999999,1.31565,100.0,0.0
7,4,1,3,2,1,2,4,3,0,1,2,3,4,1,834866.4999999999,1.23336,103.0,0.0
7,6,3,7,0,0,1,1,3,0,2,4,1,0,3,1389207.1199999996,1.40619,90.0,0.0
7,6,2,7,1,2,1,4,0,2,3,2,1,2,3,1383348.06,1.51005,90.0,0.0
5,5,1,5,0,2,0,1,4,4,4,2,4,0,2,694685.4299999999,1.05824,115.0,0.0
6,7,4,3,1,2,1,1,2,2,2,2,4,2,0,1346598.3599999996,1.46618,97.0,0.0
6,6,2,2,1,0,0,3,1,0,3,0,3,0,4,936254.0400000003,0.912893,132.0,0.0
4,6,4,2,2,0,2,2,4,4,4,0,1,2,2,808105.7599999998,0.732344,156.0,0.111111
4,5,4,4,1,2,1,1,0,4,3,0,1,4,3,738996.1600000001,0.855,150.0,0.0
4,6,2,2,2,1,2,1,1,3,3,1,1,1,4,678338.1200000001,0.80704,173.0,0.0
7,4,2,2,1,1,2,0,0,1,0,3,0,2,2,844719.2,0.841644,141.0,0.777778
6,6,3,3,1,1,2,2,4,0,1,1,4,3,3,1170124.2599999998,1.36213,100.0,0.0
7,5,1,5,0,0,2,1,4,1,2,1,4,4,2,1003108.1699999997,1.31369,96.0,0.0
7,5,1,6,0,1,0,3,0,3,2,4,0,0,3,953692.7699999997,1.00483,102.0,0.0
6,5,3,6,0,0,2,2,2,0,1,0,3,3,2,1046837.1799999999,1.21942,100.0,0.0
5,7,2,6,2,2,1,0,3,3,2,2,0,4,0,1040144.2099999996,1.23231,110.0,0.0
6,4,4,3,0,2,2,0,3,2,4,0,0,0,4,872652.3200000001,0.856685,114.0,0.111111
6,7,3,5,2,2,1,1,4,0,3,2,0,1,2,1310112.6199999996,1.42576,92.0,0.0
4,4,2,3,1,1,1,0,4,3,4,2,3,1,0,520106.24000000005,0.765989,150.0,0.111111
5,5,1,4,1,2,2,1,4,4,3,1,3,0,1,713026.83,1.16837,115.0,0.0
5,4,2,3,2,1,2,2,1,2,2,0,4,1,2,662643.1799999999,1.13083,125.0,0.0
4,5,4,2,0,2,0,4,2,3,4,3,4,0,3,742059.9200000002,0.766201,173.0,0.0
6,6,2,4,1,1,1,3,4,4,4,0,1,1,2,1056213.7999999998,1.36073,97.0,0.0
6,7,4,7,1,1,0,3,3,1,4,0,0,3,2,1450374.1199999992,1.25171,95.0,0.0
7,5,3,2,2,2,0,2,3,0,1,0,4,3,3,1145448.1299999997,1.25393,111.0,0.0
4,7,4,6,1,1,2,0,3,1,3,2,3,2,2,992327.9599999997,0.930938,140.0,0.0
5,6,3,7,0,1,2,1,2,4,4,4,1,2,4,1085497.1999999995,1.13549,115.0,0.0
7,6,1,7,1,0,1,2,0,0,0,3,4,2,2,1149028.5399999996,1.11527,95.0,0.0
5,5,3,6,2,2,0,4,2,4,3,3,4,3,3,975306.0299999998,1.21677,115.0,0.0
5,7,4,2,1,0,0,1,1,0,2,2,2,4,1,1050786.7799999998,0.886614,144.0,0.777778
5,5,4,5,0,1,2,3,3,2,2,1,1,1,3,915138.6299999998,1.19818,115.0,0.0
4,6,4,4,0,0,0,2,4,3,0,1,2,0,2,789335.7999999999,0.824717,142.0,0.0
7,4,3,4,2,2,0,3,1,2,3,2,3,0,0,1012173.82,1.27868,100.0,0.0
4,6,4,4,1,0,1,3,4,2,3,3,4,0,0,839939.3699999998,0.833294,145.0,0.0
4,4,3,3,1,0,1,3,2,0,4,0,0,3,1,544726.72,0.655821,155.0,0.111111
7,5,3,2,0,2,0,4,0,0,2,3,3,2,4,1153688.8300000003,0.986147,124.0,0.0
4,7,3,3,0,0,0,3,1,4,2,0,0,0,4,770787.1400000001,0.555544,155.0,0.111111
4,7,1,3,0,2,0,3,2,4,4,4,4,2,2,677886.76,0.798501,151.0,0.0
5,5,1,2,1,0,0,1,2,1,3,3,2,3,2,636677.4100000001,0.951086,133.0,0.777778
7,5,4,4,0,1,2,2,2,4,2,1,1,1,0,1190950.5699999998,1.26991,100.0,0.0
5,4,4,6,1,1,1,0,1,2,1,2,4,0,3,787087.78,1.03335,125.0,0.0
5,5,4,6,0,1,0,1,1,0,4,1,0,2,3,881904.7999999997,1.03201,115.0,0.0
7,6,1,6,0,2,0,3,0,1,0,2,0,4,1,1099453.9799999995,1.2192,94.0,0.0
6,4,4,2,2,1,0,0,1,2,2,0,2,2,2,822586.2799999998,0.953294,121.0,0.111111
4,7,3,5,2,0,1,2,3,0,4,3,3,0,1,908552.0999999997,0.8475,140.0,0.0
7,4,3,7,1,0,1,2,0,3,1,1,1,2,1,1035037.3199999997,1.21977,100.0,0.0
7,4,2,4,1,0,0,4,0,4,3,2,2,1,1,935346.34,1.2386,100.0,0.0
6,7,4,3,0,0,0,4,2,3,2,1,2,3,4,1395521.16,1.3708,98.0,0.0
4,4,4,5,2,1,2,0,0,4,2,3,1,4,0,634267.6,0.843078,156.0,0.0
7,4,2,3,1,0,2,4,1,4,3,2,1,2,1,918309.48,1.31429,101.0,0.0
4,5,2,6,1,1,1,0,3,4,0,3,4,4,4,672930.5,0.856438,150.0,0.0
6,5,2,6,1,2,1,2,2,0,2,0,1,3,0,954773.4399999998,1.20371,100.0,0.0
5,6,1,5,0,1,1,1,4,1,0,1,1,4,0,779846.2399999999,1.0735,116.0,0.0
5,5,3,2,2,2,2,2,3,2,2,3,4,1,3,876614.3300000001,1.22464,122.0,0.0
6,6,3,3,0,1,2,3,2,4,1,2,0,3,4,1168083.9600000002,1.28099,102.0,0.0
5,6,4,2,1,1,0,4,3,0,2,4,3,1,3,1032530.8799999999,0.904747,133.0,0.777778
4,6,2,4,0,0,0,0,2,4,2,4,0,2,3,698018.08,0.840662,142.0,0.0
4,7,1,5,0,2,0,0,0,0,3,4,4,3,4,698929.2199999997,0.725943,147.0,0.0
5,7,3,3,1,2,2,2,0,2,0,0,1,3,3,1038859.7700000003,1.11823,119.0,0.0
5,4,3,5,2,2,0,2,2,2,1,1,1,3,3,764944.08,1.12395,125.0,0.0
5,6,2,6,0,2,1,0,0,2,1,2,1,3,2,918669.7399999998,1.12948,115.0,0.0
4,6,3,5,0,0,1,2,4,2,0,1,4,1,2,775376.36,0.899891,141.0,0.0
5,5,4,4,1,0,2,4,1,2,3,0,2,1,2,886503.8899999999,1.12961,115.0,0.0
7,6,4,4,0,1,0,4,4,0,0,4,4,0,0,1429597.7599999998,1.32296,90.0,0.0
5,7,2,7,2,2,0,2,0,1,3,2,1,2,4,1103354.8099999996,1.2017,110.0,0.0
5,7,2,3,0,0,1,2,1,0,3,4,2,1,1,936712.95,0.992679,121.0,0.0
6,5,2,7,1,1,0,1,0,3,2,2,0,1,3,982119.5199999999,1.19069,100.0,0.0
6,6,3,5,1,2,1,2,3,3,4,3,4,1,1,1260031.2399999998,1.37936,96.0,0.0
5,5,2,6,0,1,2,4,0,3,2,2,4,0,3,825258.7499999999,1.12552,115.0,0.0
4,4,1,4,0,2,0,4,1,0,1,3,0,3,1,471350.48,0.685859,163.0,0.0
6,4,4,4,2,0,2,4,4,4,0,2,0,2,2,944645.1599999999,1.23188,100.0,0.0
5,5,4,2,1,2,1,1,3,2,0,0,4,0,2,811846.97,0.998991,123.0,0.111111
6,5,1,3,2,1,2,1,3,2,1,1,4,1,1,828215.74,1.27942,107.0,0.0
6,5,2,3,1,2,1,4,0,1,0,2,1,2,3,910443.48,1.23092,106.0,0.0
5,5,3,6,1,2,0,1,0,3,2,0,1,1,4,851519.3099999999,1.14195,115.0,0.0
5,6,2,3,0,0,0,2,4,3,0,2,3,1,3,852891.1799999999,1.05061,120.0,0.0
4,7,3,7,1,2,2,2,1,0,4,2,4,4,3,987220.8799999997,0.910558,140.0,0.0
4,7,4,6,1,1,2,2,1,3,1,2,3,0,2,961788.2599999999,0.883484,140.0,0.0
6,6,3,7,0,2,0,3,1,4,0,0,1,4,0,1168776.0399999996,1.23504,95.0,0.0
6,6,1,7,0,0,1,2,3,3,3,1,2,3,0,971194.9999999997,1.24765,95.0,0.0
6,5,2,3,1,0,0,2,0,0,1,2,1,4,2,870373.48,1.05804,115.0,0.777778
5,4,2,2,1,0,2,2,2,4,4,3,1,3,2,658749.3199999998,1.01851,124.0,0.111111
4,4,3,6,1,1,2,4,2,1,4,3,1,3,3,654506.3199999998,0.860786,156.0,0.0
6,5,1,5,2,2,0,1,1,3,4,1,1,3,3,879121.3399999997,1.33995,100.0,0.0
5,4,4,2,0,0,2,1,1,4,4,0,3,4,3,761986.44,0.950194,126.0,0.111111
5,7,1,7,1,0,2,2,0,0,4,4,0,3,4,922757.8499999997,0.971635,110.0,0.0
6,7,4,2,2,0,2,1,2,0,2,1,0,3,2,1236347.02,1.1939,123.0,0.222222
6,7,2,7,1,1,0,3,3,0,4,2,1,3,1,1269790.0999999994,1.4775,90.0,0.0
7,7,3,7,2,2,0,1,0,1,0,2,2,1,3,1564619.8099999991,1.42934,90.0,0.0
7,6,1,4,2,2,2,1,3,1,3,4,2,4,4,1148396.3199999994,1.56321,91.0,0.0
7,5,4,5,2,1,1,2,2,0,4,4,0,1,1,1269045.33,1.28545,95.0,0.0
5,5,1,2,2,2,0,1,2,4,3,4,4,4,3,668068.6499999999,1.16062,127.0,0.777778
4,6,2,6,2,2,2,3,0,0,0,3,1,2,2,756206.2,0.884504,140.0,0.0
7,5,1,2,0,2,0,1,1,0,3,1,1,1,2,903555.8300000001,1.08694,121.0,0.0
5,7,3,6,1,0,1,0,4,1,3,0,0,4,1,1077777.73,1.10655,110.0,0.0
6,6,2,6,0,2,0,0,3,0,2,4,2,1,3,1098969.5199999996,1.25187,95.0,0.0
5,7,4,3,0,0,1,1,2,4,3,2,2,1,4,1155473.21,1.04327,119.0,0.0
5,4,2,6,2,1,2,3,3,1,4,1,1,3,2,732850.2799999999,1.09179,125.0,0.0
5,7,2,7,0,0,1,0,0,0,1,1,1,1,2,971603.3299999994,0.928796,112.0,0.0
5,7,2,4,1,0,2,3,2,1,0,3,4,2,3,1037154.1299999998,1.12993,115.0,0.0
5,6,4,2,2,0,2,2,0,0,1,3,4,3,1,971493.5399999998,0.811613,153.0,0.0
5,7,4,2,0,0,1,2,0,1,1,4,4,2,3,1108156.1100000003,0.796626,144.0,0.111111
4,6,2,4,2,2,2,3,3,3,2,4,0,0,4,730566.36,0.81208,149.0,0.0
6,6,1,5,0,2,0,3,2,2,4,2,3,1,0,936721.8799999995,1.30685,95.0,0.0
5,7,1,6,0,2,2,0,1,0,4,0,4,3,4,913409.4099999996,1.12429,110.0,0.0
6,5,1,6,1,1,1,0,1,3,3,0,4,2,1,864311.4599999998,1.20268,100.0,0.0
7,6,3,5,0,0,1,2,0,0,3,3,2,2,2,1371371.0599999996,1.32463,90.0,0.0
7,5,1,4,2,1,0,1,3,0,2,3,0,2,2,960425.9299999997,1.13329,103.0,0.0
5,4,2,5,1,2,2,1,0,1,1,2,3,4,0,687854.4400000001,1.07129,125.0,0.0
4,5,2,3,0,2,0,1,3,3,1,4,2,3,3,626579.78,0.834965,157.0,0.0
6,7,1,3,1,2,1,1,1,4,3,4,3,4,4,1034449.54,1.43728,104.0,0.0
7,6,2,6,2,0,0,0,1,2,0,1,1,3,1,1228029.3399999996,1.51728,90.0,0.0
4,4,2,4,0,2,2,1,0,2,2,0,1,2,0,522240.76,0.79565,163.0,0.0
4,6,2,7,1,1,2,2,0,2,4,3,3,3,0,776951.1399999999,0.916006,140.0,0.0
4,6,4,5,1,2,0,1,2,1,0,3,0,3,4,839067.7599999998,0.936437,140.0,0.0
7,4,4,3,2,0,2,2,4,0,4,4,3,0,4,1123681.9599999997,1.23266,100.0,0.0
4,5,1,7,0,2,0,1,3,4,1,3,3,4,0,585365.14,0.813667,149.0,0.0
7,4,1,2,2,2,1,1,2,4,0,2,1,1,2,811650.4999999999,1.34014,105.0,0.0
6,4,2,7,1,1,2,4,1,1,0,1,3,2,0,846484.48,1.30484,100.0,0.0
6,4,4,3,2,2,0,3,4,0,4,0,2,4,4,958296.0399999998,1.33194,103.0,0.0
6,4,1,4,0,2,2,1,2,3,4,3,1,4,3,746042.3999999999,1.35329,100.0,0.0
7,7,3,4,0,0,2,4,2,0,1,0,2,0,2,1417038.3499999996,1.36983,91.0,0.0
4,5,3,4,2,0,0,3,2,2,1,2,2,2,0,668743.01,0.848839,150.0,0.0
6,7,1,7,2,1,2,2,3,0,2,1,3,1,3,1162815.8999999994,1.36891,91.0,0.0
6,5,1,4,1,1,0,3,1,1,4,3,1,2,2,836050.9999999998,1.26952,100.0,0.0
6,6,3,2,2,0,2,0,1,2,4,0,4,4,2,1108352.64,0.969753,122.0,0.777778
7,5,2,4,2,1,2,2,0,2,1,2,1,1,4,1114463.69,1.28593,100.0,0.0
7,6,3,5,0,0,1,2,0,4,2,2,3,1,0,1329610.6199999996,1.41829,93.0,0.0
7,6,4,5,0,1,1,1,1,1,2,0,2,4,1,1381558.9199999995,1.53045,90.0,0.0
7,6,1,7,0,0,2,2,3,3,1,2,2,0,2,1147190.88,1.3996,90.0,0.0
4,4,2,4,2,2,2,4,0,4,0,3,4,4,3,571673.3599999999,0.850341,159.0,0.0
6,6,1,7,2,2,2,4,4,3,1,4,0,4,3,1044522.9599999994,1.28722,95.0,0.0
5,5,4,5,2,0,1,1,4,0,0,0,3,3,1,878892.63,1.06768,115.0,0.0
4,4,4,5,0,2,1,1,3,4,4,4,4,1,2,683925.68,0.875403,157.0,0.0
5,7,3,4,1,0,1,1,4,1,1,0,2,4,0,1020984.3999999998,1.04446,116.0,0.0
6,7,4,3,2,2,0,2,2,0,4,1,0,1,0,1229722.0400000003,1.39942,98.0,0.0
4,6,3,4,2,0,2,3,2,1,1,2,2,4,2,810653.6999999998,0.93637,141.0,0.0
4,7,3,3,1,0,2,0,1,4,0,0,3,2,4,825386.44,0.797867,156.0,0.0
7,5,2,3,0,1,0,3,4,0,2,2,2,1,1,1040032.3500000001,1.17313,105.0,0.0
5,5,1,4,1,1,1,4,2,0,3,4,2,0,3,689231.83,1.08931,115.0,0.0
5,5,1,6,1,2,1,2,2,3,4,1,4,1,0,738593.3099999999,1.15439,115.0,0.0
4,5,1,2,2,2,1,4,4,0,1,3,0,2,1,530982.8600000001,0.689378,160.0,0.111111
4,7,4,4,2,2,1,4,2,2,4,3,3,1,1,1000211.4599999997,0.969445,141.0,0.0
6,4,2,2,0,2,2,1,1,1,1,2,2,0,1,743102.8999999999,1.14708,123.0,0.0
4,7,3,3,2,1,1,2,3,2,0,3,3,0,3,886119.3600000001,0.877003,147.0,0.0
5,5,4,2,1,1,0,2,3,3,2,0,3,4,1,866324.71,1.12828,134.0,0.0
5,6,1,3,1,1,2,2,0,3,2,4,0,0,4,736479.54,0.874846,133.0,0.0
7,6,4,6,1,1,1,2,3,3,1,0,2,3,3,1519878.7999999998,1.56111,90.0,0.0
7,5,2,4,2,0,0,1,1,4,1,2,4,3,1,1080409.6899999997,1.29965,100.0,0.0
6,4,1,4,2,1,0,4,2,1,0,3,4,4,4,734036.96,1.2834,100.0,0.0
4,5,3,5,0,1,1,2,4,3,0,0,4,3,2,708083.12,0.85509,150.0,0.0
4,7,4,5,0,0,2,3,0,0,2,0,0,3,3,884085.9399999998,0.739318,146.0,0.0
5,6,4,3,2,0,2,4,4,0,2,4,1,3,4,1091125.9,1.0634,119.0,0.0
6,7,3,7,0,1,1,2,1,3,3,3,2,4,2,1464638.7399999993,1.49072,90.0,0.0
4,6,4,3,0,0,0,4,3,4,0,2,1,4,2,829424.6000000001,0.809087,153.0,0.0
5,7,4,2,1,1,2,1,0,2,3,1,2,4,0,1075154.9100000001,0.867778,148.0,0.777778
4,7,1,2,2,2,1,3,2,4,1,2,3,0,1,672859.6600000001,0.69889,173.0,0.777778
7,7,1,2,0,1,1,3,1,4,3,4,3,4,4,1137054.9300000002,1.36335,117.0,0.0
7,5,3,6,0,1,2,0,1,2,1,3,3,3,4,1269469.4500000002,1.38346,95.0,0.0
4,5,3,3,1,1,2,4,2,1,2,4,2,2,3,704161.8799999999,0.899659,152.0,0.0
5,5,1,5,0,1,2,0,4,2,0,2,0,1,4,698176.31,1.0805,115.0,0.0
7,6,4,6,1,2,2,2,3,1,4,2,0,3,4,1588429.6599999992,1.58802,90.0,0.0
4,4,3,6,2,0,0,1,4,0,4,0,2,0,3,589637.48,0.719265,159.0,0.0
5,4,1,6,2,1,2,1,2,4,3,1,3,2,0,649467.94,1.07223,125.0,0.0
6,4,4,3,1,0,1,4,0,2,4,4,4,4,1,964046.6799999997,1.22714,106.0,0.0
7,6,3,5,2,0,1,1,3,2,1,2,1,1,2,1349347.379999999,1.50862,90.0,0.0
4,5,3,2,1,2,1,2,4,0,4,1,4,4,3,691079.98,0.761596,155.0,0.111111
4,5,2,2,0,1,2,2,2,3,1,0,2,0,3,582936.1000000001,0.780125,172.0,0.0
5,6,1,6,2,1,0,4,3,2,3,3,4,2,1,841816.2799999997,1.14411,115.0,0.0
5,7,1,6,1,2,1,2,1,3,2,2,1,0,1,936476.4499999996,1.16999,110.0,0.0
5,5,4,7,1,0,1,0,0,2,2,3,2,3,3,951984.9499999998,1.07621,115.0,0.0
7,4,4,6,0,0,2,2,2,1,0,0,4,4,3,1115908.78,1.26223,100.0,0.0
5,5,4,5,2,0,0,0,1,4,3,2,3,3,3,957708.4299999998,1.18797,115.0,0.0
7,7,3,3,2,2,1,4,4,3,4,2,2,1,2,1561901.7700000007,1.59991,92.0,0.0
4,6,2,5,2,1,1,3,3,4,4,1,4,4,4,770187.4199999998,0.971087,140.0,0.0
4,5,4,6,2,0,0,4,1,2,2,0,2,3,4,768364.7999999999,0.842696,150.0,0.0
5,5,3,2,1,0,2,4,1,4,2,2,3,1,2,835144.77,1.03367,135.0,0.0
4,7,1,2,1,2,1,0,1,3,0,2,1,2,3,661354.1799999999,0.648914,178.0,0.777778
4,5,2,3,0,1,1,2,0,1,2,2,1,4,1,597645.3600000001,0.81117,155.0,0.0
5,7,2,2,1,0,1,2,2,0,4,3,0,2,3,934700.5899999999,0.857335,150.0,0.0
6,7,2,7,2,1,0,1,0,1,0,1,2,2,0,1192487.3199999994,1.42269,90.0,0.0
7,6,2,2,0,2,1,1,1,1,1,3,4,1,1,1132263.38,1.45541,104.0,0.0
5,4,2,7,0,2,2,1,4,3,0,0,2,4,3,722491.88,1.13398,124.0,0.0
6,4,1,7,2,2,1,2,1,2,1,1,0,2,4,797911.6799999999,1.29249,100.0,0.0
4,5,3,2,1,0,0,0,2,1,4,2,2,0,0,590523.8999999999,0.722268,170.0,0.0
5,5,1,3,0,1,2,1,4,3,2,2,0,1,4,664308.9299999999,1.09889,117.0,0.0
6,6,2,3,2,0,0,4,3,1,4,0,4,1,3,1012354.8,1.28615,102.0,0.0
6,6,2,2,2,2,0,0,1,2,2,4,1,0,3,990405.4399999997,1.1257,125.0,0.0
4,6,1,6,1,2,0,0,3,0,0,4,0,0,3,618014.0399999999,0.687671,150.0,0.0
6,5,1,5,0,2,1,4,2,2,1,0,4,3,0,825732.3799999998,1.21061,100.0,0.0
7,7,1,2,2,1,0,4,1,0,0,0,3,2,4,1098097.0100000002,1.261,121.0,0.0
4,7,3,6,1,0,0,4,4,2,1,4,3,4,1,951146.2799999997,0.907609,140.0,0.0
5,4,2,4,1,1,0,0,0,4,4,0,0,0,1,596185.78,0.77135,131.0,0.666667
4,6,4,3,0,1,2,2,4,2,4,0,2,3,4,857996.9200000002,0.925878,147.0,0.0
4,6,2,6,1,1,1,2,0,0,2,3,1,1,3,737550.0399999999,0.847794,140.0,0.0
6,6,2,4,2,2,2,1,3,2,4,1,2,4,1,1122172.08,1.41129,97.0,0.0
5,5,2,2,1,0,1,2,0,2,2,3,1,3,1,734397.81,1.00243,131.0,0.777778
4,6,3,4,1,0,2,3,0,2,3,4,0,1,2,776017.3200000001,0.860791,143.0,0.0
7,7,1,3,2,0,0,2,3,1,3,3,4,0,0,1103919.7700000003,1.10887,111.0,0.0
4,4,3,4,0,2,1,1,1,1,2,3,0,0,1,553559.98,0.776833,158.0,0.0
6,7,4,3,2,1,2,2,2,0,4,1,3,3,1,1377358.1199999996,1.49457,99.0,0.0
4,5,2,6,2,2,2,0,3,4,3,2,4,1,2,698604.2599999999,0.906091,150.0,0.0
6,7,3,7,2,0,0,2,0,3,2,3,4,2,0,1402991.0699999998,1.43057,90.0,0.0
5,5,3,2,2,0,2,3,0,3,0,4,3,2,3,849813.9300000002,1.00808,136.0,0.0
7,6,2,2,1,2,0,1,1,4,1,2,1,0,1,1120766.1800000002,1.35566,116.0,0.0
7,5,1,2,1,1,1,3,2,0,4,2,1,2,3,913659.99,1.11953,123.0,0.0
6,6,1,7,1,0,0,1,1,4,2,3,2,3,4,998848.8399999997,1.23622,95.0,0.0
4,4,1,5,1,2,0,0,2,0,0,4,4,0,3,480845.12,0.658951,167.0,0.0
7,7,1,7,1,2,2,2,0,4,1,0,1,4,0,1298708.3499999992,1.40996,90.0,0.0
7,6,1,2,0,2,1,0,0,2,0,0,3,2,0,935333.8200000001,0.805654,132.0,0.111111
7,7,3,6,1,2,2,1,2,2,2,0,0,3,2,1540008.7299999995,1.46155,90.0,0.0
7,6,3,4,2,0,1,0,1,3,2,1,2,2,0,1284124.9199999995,1.5627,90.0,0.0
5,5,4,3,0,2,2,3,3,1,3,1,1,1,1,857017.0700000001,1.19006,117.0,0.0
6,4,1,4,1,0,2,3,1,1,3,2,1,3,2,737946.28,1.27759,101.0,0.0
5,5,1,5,2,0,0,4,1,0,1,0,2,2,0,673263.8299999998,1.04145,115.0,0.0
6,7,4,3,0,1,0,3,2,3,2,0,0,4,1,1282693.6,1.15477,107.0,0.0
6,7,4,5,2,2,0,4,2,3,4,0,1,4,1,1446510.499999999,1.62229,90.0,0.0
5,5,2,5,0,0,2,1,1,0,4,4,0,0,0,725842.8499999999,0.809871,113.0,0.111111
7,5,3,6,2,2,1,3,4,1,3,3,2,1,0,1268952.77,1.41418,95.0,0.0
5,4,2,3,2,2,0,4,1,3,3,3,1,0,3,660073.1599999999,1.11997,125.0,0.0
5,5,3,6,1,1,0,1,4,4,1,0,0,2,4,861260.17,1.11043,115.0,0.0
4,6,4,6,0,2,1,3,1,0,4,4,0,3,1,877914.4999999999,0.898584,140.0,0.0
6,6,1,5,1,0,0,0,2,2,0,4,4,0,1,908076.1999999997,1.07899,99.0,0.0
4,5,1,2,1,2,1,4,3,4,3,4,3,4,3,537486.9199999999,0.784275,151.0,0.111111
4,4,2,5,0,0,1,1,4,4,0,3,1,4,3,550844.96,0.821149,156.0,0.0
7,5,4,5,0,2,0,0,2,3,2,1,3,4,3,1310901.5699999998,1.36057,95.0,0.0
7,7,3,6,2,0,0,0,0,1,2,1,0,0,0,1306965.269999999,0.746551,98.0,0.111111
6,7,4,5,1,0,1,4,0,4,2,3,0,3,3,1475681.7999999993,1.40943,90.0,0.0
6,4,2,3,1,1,2,4,2,1,4,0,2,0,4,776360.54,1.26019,106.0,0.0
5,6,3,5,1,0,0,4,0,0,4,1,4,3,2,996977.2399999996,0.980007,118.0,0.0
6,6,2,2,2,0,2,4,4,1,1,4,3,1,2,1045967.6799999999,1.09737,126.0,0.0
6,7,2,5,1,1,1,3,4,0,1,3,4,2,2,1269540.2199999997,1.51201,91.0,0.0
7,4,4,3,1,1,0,4,0,0,4,3,1,3,2,1063794.72,1.21111,100.0,0.0
6,5,1,4,1,0,0,0,0,3,3,2,0,4,0,761364.26,1.01707,107.0,0.0
4,4,1,3,1,0,1,3,1,2,4,1,4,1,2,469243.99999999994,0.687971,155.0,0.111111
5,6,4,7,0,0,2,0,0,2,2,3,4,3,0,1066857.7399999998,1.04166,115.0,0.0
7,4,4,6,1,2,2,1,0,1,2,3,3,2,0,1098694.0,1.28746,100.0,0.0
7,4,4,6,1,2,0,0,1,1,1,0,1,2,1,1012338.8599999999,1.18406,100.0,0.0
7,7,4,6,2,1,0,2,1,2,1,0,4,3,1,1650732.0099999993,1.52959,90.0,0.0
6,4,1,6,0,2,1,3,2,3,1,3,4,3,2,775354.2799999999,1.27984,100.0,0.0
6,4,3,7,0,2,1,0,3,1,0,2,4,4,1,920236.2000000001,1.25893,100.0,0.0
4,6,3,6,2,2,0,0,4,1,2,1,3,0,1,781715.4799999999,0.937677,140.0,0.0
7,7,2,2,0,0,1,4,2,2,3,1,3,2,3,1316382.9699999995,1.44323,106.0,0.0
7,7,2,6,2,2,2,3,2,2,2,0,2,3,1,1487378.9099999992,1.61445,90.0,0.0
6,7,4,7,0,0,1,4,3,1,4,3,2,4,3,1593699.7199999988,1.47508,90.0,0.0
4,7,1,2,1,1,1,4,1,0,2,1,3,2,1,662274.24,0.670392,176.0,0.777778
6,4,3,6,2,0,1,2,0,2,2,0,1,1,2,869115.67,1.21142,100.0,0.0
6,7,1,4,1,0,1,2,3,2,4,1,4,0,4,1014204.6199999996,1.1696,102.0,0.0
4,5,2,3,1,2,2,1,1,2,2,3,2,2,0,623645.72,0.906802,151.0,0.0
7,6,3,6,0,1,1,0,4,4,4,1,2,2,2,1418424.1999999993,1.55881,90.0,0.0
5,5,2,4,1,1,2,0,3,2,4,0,0,4,3,774385.31,1.12169,115.0,0.0
5,4,3,3,1,1,0,3,0,1,4,2,4,0,0,679591.3200000001,0.993294,127.0,0.0
5,5,3,4,2,1,1,2,2,1,4,0,3,3,3,890949.9799999999,1.22177,115.0,0.0
5,6,1,5,1,0,2,3,4,4,0,4,0,4,0,773124.7999999998,0.981079,117.0,0.0
4,7,2,7,0,2,1,0,0,1,4,0,3,3,3,828293.6799999997,0.826861,140.0,0.0
6,7,2,2,1,2,1,2,3,3,3,3,3,0,2,1143600.4799999997,1.42019,107.0,0.0
6,5,2,2,0,0,0,3,0,4,1,4,3,1,1,849871.72,1.00004,131.0,0.0
4,7,4,7,2,1,2,4,2,3,0,0,3,0,0,952866.0799999997,0.882451,140.0,0.0
4,6,4,5,2,0,2,0,1,0,2,0,3,4,2,817075.4,0.840533,145.0,0.0
7,5,4,4,2,0,2,4,3,0,3,3,4,0,1,1306704.3699999994,1.22663,100.0,0.0
5,7,1,2,1,2,0,1,4,4,0,2,1,2,1,823795.47,1.02592,130.0,0.0
6,4,2,5,2,1,0,1,3,0,0,0,4,3,2,804787.6799999999,1.24072,102.0,0.0
6,5,4,2,1,0,1,2,0,0,4,2,4,4,0,1021421.5999999996,0.933477,129.0,0.777778
6,4,3,6,1,2,0,1,2,2,2,0,2,0,1,856478.3799999999,1.27434,100.0,0.0
4,6,4,7,0,1,0,4,3,1,4,2,3,0,2,887879.7799999997,0.875133,140.0,0.0
7,5,1,5,1,2,2,0,4,1,3,3,3,3,3,1024345.8099999996,1.4202,95.0,0.0
4,6,3,7,0,0,0,1,1,0,2,2,0,4,3,784338.2099999998,0.815534,140.0,0.0
7,4,3,7,2,0,1,4,2,3,1,1,1,0,3,1074006.56,1.23782,100.0,0.0
5,6,2,3,0,1,0,1,0,2,0,4,3,3,3,840947.46,1.01418,122.0,0.0
6,5,4,7,1,1,0,0,3,4,0,3,1,1,4,1152667.5,1.25061,100.0,0.0
7,4,2,3,1,1,1,0,3,4,1,1,4,0,3,893103.2,1.29506,102.0,0.0
4,5,3,2,1,0,1,3,2,3,4,1,3,1,3,675663.22,0.776861,174.0,0.0
7,4,3,6,0,1,1,2,0,1,1,3,2,2,4,1066691.4699999997,1.22594,100.0,0.0
5,4,2,2,2,2,1,1,3,4,4,3,3,1,3,673795.6199999999,1.07913,121.0,0.111111
4,5,1,7,2,0,1,3,3,0,2,2,4,0,2,596530.78,0.75364,150.0,0.0
6,5,3,7,2,1,1,4,3,2,0,4,3,0,3,1136722.7799999998,1.25579,100.0,0.0
5,7,1,3,2,0,2,1,1,1,0,1,1,1,1,858504.27,1.09937,1,0.0
4,6,4,3,1,2,2,4,2,1,0,4,1,3,0,817600.1199999999,0.809454,1,0.0
5,6,3,6,1,1,2,0,3,0,1,0,0,1,3,941191.3399999997,1.01625,1,0.0
4,6,1,3,0,0,0,0,1,0,1,0,1,1,1,551779.04,0.638504,1,0.0
5,7,2,4,1,2,2,0,2,2,2,0,0,1,2,980876.1299999998,1.0916,1,0.0
5,4,4,2,2,0,0,1,3,3,3,0,4,4,1,749691.3300000001,1.04723,1,0.0
4,7,2,5,0,2,0,2,0,0,2,2,2,0,2,801245.8999999999,0.814084,1,0.0
7,4,2,5,2,1,2,2,2,2,2,2,2,2,2,1033697.8399999997,1.34407,1,0.0
7,6,3,3,2,1,2,1,3,0,2,2,0,3,3,1337979.2000000002,1.49486,1,0.0
5,7,1,3,1,0,0,1,1,0,1,1,1,1,1,817134.1900000002,1.00836,1,0.0
5,5,4,3,2,0,0,0,3,2,4,2,2,1,0,843324.1700000002,1.12941,1,0.0
7,6,2,7,1,1,2,2,2,0,2,2,2,0,1,1324347.7199999993,1.47618,1,0.0
5,4,3,4,2,0,1,3,3,0,0,3,0,3,1,725859.76,1.03465,1,0.0
5,6,4,6,1,2,0,2,0,4,4,4,2,2,3,1150891.4599999995,1.12147,1,0.0
5,4,3,4,2,1,1,3,2,3,0,0,0,3,2,722067.0800000001,1.07908,1,0.0
4,7,4,4,2,0,2,1,0,3,3,0,2,4,0,898233.14,0.841203,1,0.0
5,5,3,6,0,1,1,2,0,3,2,3,2,0,2,878827.3599999998,1.0918,1,0.0
7,5,2,5,2,0,0,2,0,2,1,2,0,2,2,1105957.2099999995,1.28476,1,0.0
5,4,3,3,1,1,0,1,2,0,3,1,0,0,0,614987.3600000001,0.774622,1,0.0
4,7,4,2,2,2,2,2,0,2,4,2,0,1,4,919549.4599999997,0.74274,1,0.0
5,6,3,3,2,1,1,3,0,1,3,2,3,3,2,991664.0999999999,1.09798,1,0.0
5,4,1,4,0,0,2,0,1,1,0,1,1,1,0,578674.58,0.98362,1,0.0
4,6,3,3,1,0,0,2,3,2,1,3,3,1,1,754745.1799999999,0.809229,1,0.0
7,4,4,2,0,0,2,2,1,4,1,4,1,0,0,973177.7199999997,1.02106,1,0.0
7,5,1,6,0,1,1,1,0,0,1,1,1,1,0,979374.6499999997,1.15326,1,0.0
6,7,3,5,0,0,0,0,1,1,0,2,1,0,3,1191102.4099999992,1.21897,1,0.0
4,5,2,6,0,0,2,2,2,1,2,2,2,2,1,666228.38,0.840951,1,0.0
5,7,4,5,0,0,2,2,0,3,0,1,3,3,3,1168857.6899999995,1.19024,1,0.0
4,5,4,4,0,0,2,4,2,3,2,2,1,2,2,726561.9199999999,0.855633,1,0.0
6,4,2,2,0,2,1,2,2,1,0,2,2,0,0,737662.3200000001,0.923445,1,0.0
5,4,1,5,0,0,1,0,1,1,1,0,1,0,1,579870.28,0.914621,1,0.0
6,4,1,4,2,2,2,0,1,1,1,1,1,0,1,744417.08,1.27817,1,0.0
7,5,2,7,2,0,2,2,2,2,2,2,2,2,1,1227172.89,1.36684,1,0.0
4,4,2,4,0,1,2,0,2,2,1,1,2,1,1,533460.9199999999,0.86042,1,0.0
6,6,4,6,2,0,1,1,2,1,0,2,1,3,3,1256286.7199999995,1.29962,1,0.0
5,6,2,7,0,2,2,0,1,1,2,2,2,1,0,931623.7599999997,1.13625,1,0.0
7,4,2,2,1,1,1,2,2,1,1,1,2,0,0,847818.8600000001,1.11212,1,0.0
6,5,1,7,2,0,0,1,1,0,1,1,1,1,1,898069.7399999998,1.16453,1,0.0
6,7,3,7,2,0,2,2,1,0,0,2,3,2,3,1393901.7999999989,1.40885,1,0.0
7,6,1,7,1,2,2,1,1,1,1,1,1,0,0,1177396.8599999994,1.37818,1,0.0
6,6,3,4,1,1,1,2,2,2,2,2,2,2,2,1191725.6499999994,1.34875,1,0.0
6,4,1,3,2,2,0,1,1,1,1,1,1,1,1,716042.1599999999,1.34333,1,0.0
4,6,3,6,0,0,2,1,1,1,1,1,3,3,1,791006.6699999998,0.88934,1,0.0
5,5,3,7,1,0,1,3,3,3,3,1,1,3,1,910337.7899999999,1.14247,1,0.0
7,7,1,4,2,1,2,1,1,0,1,1,1,0,1,1240975.1099999994,1.29018,1,0.0
6,4,4,5,1,2,0,0,0,1,0,3,0,4,3,904579.6799999999,1.07716,1,0.0
4,6,2,2,0,1,1,2,2,2,2,0,2,1,0,634444.04,0.689052,1,0.0
4,5,4,4,1,0,1,4,4,1,3,0,4,4,4,790948.86,0.85437,1,0.0
6,7,2,7,0,2,2,2,2,2,0,2,2,2,1,1330781.7599999998,1.58876,1,0.0
7,4,3,3,0,1,0,0,0,2,2,3,3,3,0,961369.2399999998,1.21609,1,0.0
5,6,1,6,2,0,2,1,1,0,1,1,0,0,1,806052.2799999998,0.963458,1,0.0
5,4,2,5,2,1,0,0,0,2,1,2,2,1,2,683908.3600000001,1.07583,1,0.0
7,6,4,2,1,2,1,2,2,2,4,4,0,4,0,1422509.8,1.438,1,0.0
6,5,1,6,0,2,0,1,1,0,1,1,1,0,1,847935.7399999999,1.109,1,0.0
4,7,3,3,2,0,2,1,1,3,0,0,1,2,3,810541.5400000003,0.826141,1,0.0
4,5,2,5,0,2,1,2,2,0,0,2,2,2,1,644982.96,0.841306,1,0.0
6,7,4,2,2,1,0,1,4,3,2,4,0,0,4,1373154.84,1.16504,1,0.0
7,4,1,7,1,0,2,0,1,1,1,1,1,1,1,918941.2999999998,1.25827,1,0.0
5,6,3,4,0,2,0,2,1,2,1,0,2,2,0,898285.09,1.07998,1,0.0
5,4,4,3,0,2,2,1,2,2,4,0,3,0,1,724420.44,1.07507,1,0.0
7,6,2,6,1,1,1,2,0,0,2,2,1,2,2,1303179.7399999998,1.41483,1,0.0
6,5,3,2,2,0,1,3,1,1,1,3,2,1,3,982317.6499999999,1.0302,1,0.0
4,7,1,5,1,1,0,1,1,1,1,1,0,1,1,703836.5399999998,0.878584,1,0.0
4,4,3,7,2,1,2,0,2,2,3,2,1,1,2,627934.5199999999,0.854822,1,0.0
6,6,1,4,1,0,1,1,0,1,0,1,1,1,0,894137.6799999997,1.19295,1,0.0
7,5,4,5,0,1,2,4,1,3,2,3,0,0,1,1249920.5499999998,1.21799,1,0.0
5,7,2,2,1,2,0,2,2,1,2,1,2,2,2,967259.6300000001,1.09351,1,0.0
5,5,1,3,2,1,1,1,1,1,1,0,1,1,1,671274.3699999999,1.19961,1,0.0
7,7,3,6,0,0,0,1,3,1,3,2,3,2,2,1612835.2599999993,1.37105,1,0.0
6,4,2,4,1,0,2,0,2,0,2,2,2,2,0,797529.24,1.23696,1,0.0
4,6,4,7,2,2,1,2,0,2,0,1,4,1,3,867372.9999999999,0.946943,1,0.0
4,5,3,5,0,2,2,3,3,0,1,3,2,3,3,744314.68,0.872253,1,0.0
6,7,1,2,1,1,0,0,1,1,1,1,1,1,1,969393.0799999998,1.19029,1,0.0
7,4,4,6,2,0,1,2,1,3,3,1,1,3,1,1099224.5899999999,1.26484,1,0.0
5,6,2,3,1,2,0,2,2,1,0,2,2,1,2,868707.96,1.19548,1,0.0
5,4,1,4,0,2,2,1,0,1,1,1,0,1,1,612129.94,1.01169,1,0.0
7,6,3,7,2,0,0,3,3,0,0,0,2,3,0,1362232.2599999998,1.42979,1,0.0
6,5,2,3,1,0,2,2,2,2,1,1,1,0,1,871888.98,1.24541,1,0.0
6,6,4,4,2,2,1,0,0,0,1,0,0,1,2,1079408.92,0.947903,1,0.0
7,6,1,4,0,2,1,0,1,1,1,1,1,1,1,1107534,1.52827,1,0.0
6,5,1,5,0,0,1,1,0,1,1,1,1,1,1,837413.34,1.15945,1,0.0
6,6,1,3,1,1,2,1,0,1,1,1,1,1,1,920554.56,1.24411,1,0.0
5,6,4,7,0,2,1,4,0,2,0,2,0,1,0,999309.06,0.955193,1,0.0
7,7,4,7,2,0,0,4,1,4,0,0,4,3,1,1744918.83,1.31367,1,0.0
5,7,4,6,2,0,0,1,3,1,0,1,2,3,0,1118856.09,1.14249,1,0.0
4,4,4,3,2,1,2,4,4,0,0,4,1,0,2,614074.4,0.710139,1,0.0
7,7,3,3,1,2,2,1,2,2,2,3,3,2,0,1508649.55,1.6217,1,0.0
4,5,4,4,1,1,2,0,0,1,2,4,4,1,1,712727.38,0.810045,1,0.0
5,6,2,7,1,2,1,1,2,1,2,2,2,2,1,992157.46,1.14117,1,0.0
6,7,1,2,2,2,1,1,1,0,1,1,1,1,1,1005623.54,1.23369,1,0.0
4,6,3,2,1,0,1,0,3,3,0,2,3,3,3,768633.44,0.673753,1,0.0
5,4,4,2,1,1,0,0,0,3,2,0,1,4,1,675709.04,0.912148,1,0.0
6,6,1,5,0,2,1,1,1,0,1,1,1,1,1,976630.8,1.32751,1,0.0
6,4,3,4,2,0,2,2,3,2,2,1,2,1,3,902158.69,1.29944,1,0.0
7,5,4,2,0,0,2,3,3,4,3,0,1,1,1,1136047.65,1.14038,1,0.0
6,6,1,4,0,0,2,1,1,0,1,1,1,1,0,905453.88,1.22376,1,0.0
7,5,3,3,2,2,1,3,1,1,3,3,0,0,2,1138644.49,1.13381,1,0.0
5,5,4,2,1,1,0,1,1,4,1,3,2,4,0,849781.63,1.06701,1,0.0
7,4,2,4,1,1,0,2,2,0,0,2,1,2,1,921437.32,1.28535,1,0.0
4,4,3,6,2,0,0,1,2,1,3,0,3,1,3,602365.62,0.800808,1,0.0
5,7,3,2,0,0,0,3,1,3,3,2,0,3,0,993823.79,0.79474,1,0.0
5,6,2,7,1,0,2,2,0,2,2,2,1,2,2,974171.1,1.09158,1,0.0
7,4,1,3,0,0,0,0,1,1,1,1,0,0,1,738487.26,0.935408,1,0.0
7,4,3,5,2,2,0,0,2,3,1,0,3,1,3,1040735.28,1.32114,1,0.0
6,4,3,5,1,2,1,3,2,1,1,1,3,3,1,911521.44,1.34965,1,0.0
4,4,4,3,1,1,1,2,0,4,0,3,2,0,4,601915.44,0.710201,1,0.0
4,5,3,6,2,2,2,3,2,0,1,3,1,2,1,727268.4,0.833523,1,0.0
6,4,1,4,2,2,2,0,0,1,1,1,1,1,1,746811.68,1.28136,1,0.0
6,7,3,3,1,0,0,3,0,0,2,1,0,0,2,1105927.58,0.995849,1,0.0
7,7,1,4,0,2,2,1,1,1,1,1,0,0,1,1190901.91,1.21031,1,0.0
5,7,1,6,0,0,0,1,1,0,1,1,1,1,1,883136.81,0.998142,1,0.0
7,7,4,6,1,0,0,0,1,3,4,4,1,2,2,1699302.99,1.27155,1,0.0
7,5,3,5,2,2,0,3,1,3,3,0,0,3,1,1195864.85,1.36851,1,0.0
5,7,3,5,2,1,1,3,1,3,3,0,2,0,1,1083768.09,1.20247,1,0.0
4,6,1,3,0,1,0,1,1,1,1,1,1,1,1,593457.08,0.793442,1,0.0
4,5,3,7,1,1,0,1,2,1,3,3,2,1,0,706572.62,0.823201,1,0.0
7,6,1,3,0,1,0,1,1,1,0,0,1,1,0,960182.28,1.17428,1,0.0
4,7,4,2,1,0,1,4,4,3,4,4,0,4,1,959524.68,0.672166,1,0.0
4,4,4,6,0,1,2,2,0,3,2,2,0,0,4,626668.02,0.762267,1,0.0
7,6,2,6,0,0,2,2,0,2,2,1,0,2,2,1276263.5799999996,1.39607,1,0.0
7,5,3,2,0,0,2,3,3,0,1,2,3,3,0,1130758.3099999998,1.17031,1,0.0
7,4,2,7,0,1,1,2,0,2,2,2,1,2,2,1020598.5599999997,1.24926,1,0.0
7,4,4,4,0,1,2,3,3,3,0,2,0,1,1,1044448.6900000001,1.26883,1,0.0
4,4,1,6,1,0,2,1,1,1,1,1,1,1,1,519448.24,0.786112,1,0.0
6,6,4,2,0,1,0,2,3,4,4,4,0,3,2,1238032.3199999996,0.840034,1,0.0
6,4,2,6,2,2,0,2,1,2,0,2,2,0,0,829207.9199999999,1.21766,1,0.0
6,6,4,6,1,1,1,3,1,0,2,0,1,1,3,1211249.6999999997,1.2386,1,0.0
4,4,2,7,2,2,2,2,2,2,1,2,2,2,2,624118.96,0.895611,1,0.0
5,7,1,4,1,0,1,0,1,1,1,0,1,1,1,841496.8899999997,1.03919,1,0.0
4,5,1,5,2,0,0,0,1,1,1,1,1,1,1,573180.88,0.82588,1,0.0
5,5,1,3,1,0,1,1,1,1,1,1,1,1,1,671553.0900000001,1.11336,1,0.0
5,7,3,5,2,2,2,3,2,3,0,0,1,3,0,1100068.25,1.25718,1,0.0
4,5,1,7,1,0,2,1,1,1,1,1,1,0,1,599678.1,0.810453,1,0.0
5,7,3,5,2,0,1,3,3,1,1,1,1,2,2,1100965.2199999997,1.20734,1,0.0
4,5,1,3,1,2,0,1,1,1,0,0,1,1,0,511968.24000000005,0.717466,1,0.0
5,4,2,4,1,1,2,1,2,2,1,2,2,2,1,699710.26,1.11487,1,0.0
4,6,1,3,2,0,1,1,1,1,1,1,1,1,1,615981.52,0.823036,1,0.0
6,5,3,7,1,0,1,3,3,0,3,3,3,3,3,1166441.0599999996,1.22709,1,0.0
4,4,4,6,0,1,2,0,3,3,2,2,0,0,4,632516.7999999999,0.741552,1,0.0
4,4,3,5,0,2,2,0,3,3,2,3,0,0,3,601068.4400000001,0.78353,1,0.0
5,4,2,6,1,1,2,1,2,2,2,1,1,1,2,714270.68,1.10252,1,0.0
4,4,1,7,1,0,1,0,1,1,1,1,1,1,0,507723.83999999997,0.779254,1,0.0
4,5,2,7,0,1,0,0,2,2,0,2,2,2,0,647579.26,0.787704,1,0.0
5,4,4,7,2,2,0,0,1,3,3,3,2,3,0,820436.8400000001,1.10251,1,0.0
4,5,3,7,0,0,1,1,2,1,2,2,3,3,3,743519.68,0.800441,1,0.0
5,4,1,6,2,1,0,0,1,1,1,1,1,1,1,644113.94,1.08328,1,0.0
4,6,2,5,1,1,0,1,2,2,0,2,2,2,2,746760.4599999997,0.930705,1,0.0
6,7,1,7,1,0,1,0,1,1,1,0,1,1,0,1063430.2599999998,1.14383,1,0.0
4,5,1,3,1,2,1,0,1,1,0,1,1,1,0,528779.8599999999,0.822829,1,0.0
4,4,1,7,0,2,0,1,1,1,1,0,1,0,0,486429.96,0.616374,1,0.0
4,5,1,2,1,2,0,1,1,1,0,0,1,1,0,496680.24000000005,0.709266,1,0.0
5,6,1,2,2,2,0,1,0,0,0,0,1,1,0,680809.5,0.722497,1,0.0
4,6,1,2,1,2,0,1,1,1,0,0,1,0,1,559778.2000000001,0.745986,1,0.0
4,6,1,2,0,2,0,1,1,1,0,0,1,0,1,550546.0800000001,0.692236,1,0.0
5,7,1,2,0,2,0,1,0,1,0,0,1,0,1,749848.8300000001,0.577157,1,0.0
5,7,2,2,0,2,0,2,0,1,0,0,2,0,1,826686.6300000001,0.661109,1,0.0
5,7,1,3,0,2,0,1,1,0,0,0,1,0,1,774418.8300000001,0.874679,1,0.0
4,6,2,2,0,2,0,2,0,1,0,1,2,0,2,630997.4400000002,0.650261,1,0.0
